Course ID,Offer Nbr,Term,Session,Section,Crse Attr,CrsAtr Val,Term.1,Subject,Catalog Nbr,description,subject,course
19925,1,2360,1,4,SS,SS,2360,AAS,103,Soc Sci Sem,AA,AA 103
19925,1,2360,1,3,SS,SS,2360,AAS,103,Soc Sci Sem,AA,AA 103
19925,1,2360,1,1,SS,SS,2360,AAS,103,Soc Sci Sem,AA,AA 103
19925,1,2360,1,2,SS,SS,2360,AAS,103,Soc Sci Sem,AA,AA 103
19925,1,2360,1,5,SS,SS,2360,AAS,103,Soc Sci Sem,AA,AA 103
7880,1,2360,1,1,SS,SS,2360,AAS,200,Intr African Studies,AA,AA 200
4589,1,2360,1,1,SS,SS,2360,AAS,201,Intro Afr-Am Studies,AA,AA 201
4591,1,2360,1,1,SS,SS,2360,AAS,230,Surv Hist I,AA,AA 230
16611,1,2360,1,1,SS,SS,2360,AAS,246,Africa to 1850,AA,AA 246
45379,1,2360,1,1,SS,SS,2360,AAS,260,African Development,AA,AA 260
9022,1,2360,1,2,SS,SS,2360,AAS,303,Race&Ethnic,AA,AA 303
9022,1,2360,1,3,SS,SS,2360,AAS,303,Race&Ethnic,AA,AA 303
9022,1,2360,1,4,SS,SS,2360,AAS,303,Race&Ethnic,AA,AA 303
9022,1,2360,1,1,SS,SS,2360,AAS,303,Race&Ethnic,AA,AA 303
41100,1,2360,1,1,SS,SS,2360,AAS,304,Gender&Immigr,AA,AA 304
21466,1,2360,1,1,SS,SS,2360,AAS,321,Blk Soc Thot,AA,AA 321
18151,1,2360,1,4,SS,SS,2360,AAS,322,Intro Env Politics,AA,AA 322
18151,1,2360,1,6,SS,SS,2360,AAS,322,Intro Env Politics,AA,AA 322
18151,1,2360,1,2,SS,SS,2360,AAS,322,Intro Env Politics,AA,AA 322
18151,1,2360,1,3,SS,SS,2360,AAS,322,Intro Env Politics,AA,AA 322
18151,1,2360,1,1,SS,SS,2360,AAS,322,Intro Env Politics,AA,AA 322
18151,1,2360,1,7,SS,SS,2360,AAS,322,Intro Env Politics,AA,AA 322
18151,1,2360,1,5,SS,SS,2360,AAS,322,Intro Env Politics,AA,AA 322
50440,1,2360,1,1,SS,SS,2360,AAS,357,Environ Afr Dvlpmt,AA,AA 357
40707,2,2360,1,1,SS,SS,2360,AAS,365,Gender Global Health,AA,AA 365
42942,1,2360,1,4,SS,SS,2360,ALA,220,Foundations IGR,AL,AL 220
42942,1,2360,1,1,SS,SS,2360,ALA,220,Foundations IGR,AL,AL 220
42942,1,2360,1,3,SS,SS,2360,ALA,220,Foundations IGR,AL,AL 220
42942,1,2360,1,2,SS,SS,2360,ALA,220,Foundations IGR,AL,AL 220
19230,1,2360,1,1,SS,SS,2360,AMCULT,102,First Year Sem,AMCUL,AMCUL 102
8442,2,2360,1,3,SS,SS,2360,AMCULT,284,Sickness & Health,AMCUL,AMCUL 284
8442,2,2360,1,1,SS,SS,2360,AMCULT,284,Sickness & Health,AMCUL,AMCUL 284
8442,2,2360,1,6,SS,SS,2360,AMCULT,284,Sickness & Health,AMCUL,AMCUL 284
8442,2,2360,1,5,SS,SS,2360,AMCULT,284,Sickness & Health,AMCUL,AMCUL 284
8442,2,2360,1,2,SS,SS,2360,AMCULT,284,Sickness & Health,AMCUL,AMCUL 284
8442,2,2360,1,4,SS,SS,2360,AMCULT,284,Sickness & Health,AMCUL,AMCUL 284
21111,2,2360,1,1,SS,SS,2360,AMCULT,289,U.S. in the World,AMCUL,AMCUL 289
15878,1,2360,1,1,SS,SS,2360,AMCULT,304,Amer Immigration,AMCUL,AMCUL 304
15878,1,2360,1,2,SS,SS,2360,AMCULT,304,Amer Immigration,AMCUL,AMCUL 304
15878,1,2360,1,3,SS,SS,2360,AMCULT,304,Amer Immigration,AMCUL,AMCUL 304
15878,1,2360,1,4,SS,SS,2360,AMCULT,304,Amer Immigration,AMCUL,AMCUL 304
14765,1,2360,1,1,SS,SS,2360,AMCULT,310,Ethnic Studies,AMCUL,AMCUL 310
14765,1,2360,1,2,SS,SS,2360,AMCULT,310,Ethnic Studies,AMCUL,AMCUL 310
21055,1,2360,1,1,SS,SS,2360,AMCULT,313,Cuba&its Diaspora,AMCUL,AMCUL 313
42079,2,2360,1,1,SS,SS,2360,AMCULT,341,Rise of Corporation,AMCUL,AMCUL 341
42758,2,2360,1,4,SS,SS,2360,AMCULT,348,American Radicalism,AMCUL,AMCUL 348
42758,2,2360,1,3,SS,SS,2360,AMCULT,348,American Radicalism,AMCUL,AMCUL 348
42758,2,2360,1,2,SS,SS,2360,AMCULT,348,American Radicalism,AMCUL,AMCUL 348
42758,2,2360,1,1,SS,SS,2360,AMCULT,348,American Radicalism,AMCUL,AMCUL 348
42758,2,2360,1,5,SS,SS,2360,AMCULT,348,American Radicalism,AMCUL,AMCUL 348
42758,2,2360,1,6,SS,SS,2360,AMCULT,348,American Radicalism,AMCUL,AMCUL 348
5442,2,2360,1,1,SS,SS,2360,AMCULT,367,Amer Indian History,AMCUL,AMCUL 367
19656,1,2360,1,4,SS,SS,2360,AMCULT,374,The Sixties,AMCUL,AMCUL 374
19656,1,2360,1,10,SS,SS,2360,AMCULT,374,The Sixties,AMCUL,AMCUL 374
19656,1,2360,1,8,SS,SS,2360,AMCULT,374,The Sixties,AMCUL,AMCUL 374
19656,1,2360,1,1,SS,SS,2360,AMCULT,374,The Sixties,AMCUL,AMCUL 374
19656,1,2360,1,2,SS,SS,2360,AMCULT,374,The Sixties,AMCUL,AMCUL 374
19656,1,2360,1,3,SS,SS,2360,AMCULT,374,The Sixties,AMCUL,AMCUL 374
19656,1,2360,1,7,SS,SS,2360,AMCULT,374,The Sixties,AMCUL,AMCUL 374
19656,1,2360,1,5,SS,SS,2360,AMCULT,374,The Sixties,AMCUL,AMCUL 374
19656,1,2360,1,6,SS,SS,2360,AMCULT,374,The Sixties,AMCUL,AMCUL 374
19656,1,2360,1,9,SS,SS,2360,AMCULT,374,The Sixties,AMCUL,AMCUL 374
19656,1,2360,1,13,SS,SS,2360,AMCULT,374,The Sixties,AMCUL,AMCUL 374
19656,1,2360,1,12,SS,SS,2360,AMCULT,374,The Sixties,AMCUL,AMCUL 374
19656,1,2360,1,11,SS,SS,2360,AMCULT,374,The Sixties,AMCUL,AMCUL 374
39490,1,2360,1,1,SS,SS,2360,ANTHRARC,180,FY Sem-Archaeology,ANTHRAR,ANTHRAR 180
49167,1,2360,1,1,SS,SS,2360,ANTHRARC,181,Discover Archaeology,ANTHRAR,ANTHRAR 181
49167,1,2360,1,2,SS,SS,2360,ANTHRARC,181,Discover Archaeology,ANTHRAR,ANTHRAR 181
49167,1,2360,1,3,SS,SS,2360,ANTHRARC,181,Discover Archaeology,ANTHRAR,ANTHRAR 181
49167,1,2360,1,4,SS,SS,2360,ANTHRARC,181,Discover Archaeology,ANTHRAR,ANTHRAR 181
4678,1,2360,1,4,SS,SS,2360,ANTHRARC,282,Doing Archaeology,ANTHRAR,ANTHRAR 282
4678,1,2360,1,3,SS,SS,2360,ANTHRARC,282,Doing Archaeology,ANTHRAR,ANTHRAR 282
4678,1,2360,1,1,SS,SS,2360,ANTHRARC,282,Doing Archaeology,ANTHRAR,ANTHRAR 282
4678,1,2360,1,2,SS,SS,2360,ANTHRARC,282,Doing Archaeology,ANTHRAR,ANTHRAR 282
16559,1,2360,1,2,SS,SS,2360,ANTHRARC,285,Frauds in Archaeol,ANTHRAR,ANTHRAR 285
16559,1,2360,1,3,SS,SS,2360,ANTHRARC,285,Frauds in Archaeol,ANTHRAR,ANTHRAR 285
16559,1,2360,1,1,SS,SS,2360,ANTHRARC,285,Frauds in Archaeol,ANTHRAR,ANTHRAR 285
16559,1,2360,1,4,SS,SS,2360,ANTHRARC,285,Frauds in Archaeol,ANTHRAR,ANTHRAR 285
48371,1,2360,1,1,SS,SS,2360,ANTHRARC,287,Mediterranean Civ,ANTHRAR,ANTHRAR 287
48371,1,2360,1,3,SS,SS,2360,ANTHRARC,287,Mediterranean Civ,ANTHRAR,ANTHRAR 287
48371,1,2360,1,2,SS,SS,2360,ANTHRARC,287,Mediterranean Civ,ANTHRAR,ANTHRAR 287
18446,1,2360,1,1,SS,SS,2360,ANTHRARC,296,Archaeology Topics,ANTHRAR,ANTHRAR 296
18446,1,2360,1,2,SS,SS,2360,ANTHRARC,296,Archaeology Topics,ANTHRAR,ANTHRAR 296
14771,1,2360,1,1,SS,SS,2360,ANTHRARC,385,Ar Early Hum,ANTHRAR,ANTHRAR 385
21481,1,2360,1,1,SS,SS,2360,ANTHRARC,388,Gender Archaeology,ANTHRAR,ANTHRAR 388
1506,1,2360,1,2,SS,SS,2360,ANTHRCUL,101,Intro Anthro,ANTHRCU,ANTHRCU 101
1506,1,2360,1,3,SS,SS,2360,ANTHRCUL,101,Intro Anthro,ANTHRCU,ANTHRCU 101
1506,1,2360,1,1,SS,SS,2360,ANTHRCUL,101,Intro Anthro,ANTHRCU,ANTHRCU 101
1506,1,2360,1,4,SS,SS,2360,ANTHRCUL,101,Intro Anthro,ANTHRCU,ANTHRCU 101
1506,1,2360,1,44,SS,SS,2360,ANTHRCUL,101,Intro Anthro,ANTHRCU,ANTHRCU 101
1506,1,2360,1,29,SS,SS,2360,ANTHRCUL,101,Intro Anthro,ANTHRCU,ANTHRCU 101
1506,1,2360,1,30,SS,SS,2360,ANTHRCUL,101,Intro Anthro,ANTHRCU,ANTHRCU 101
1506,1,2360,1,27,SS,SS,2360,ANTHRCUL,101,Intro Anthro,ANTHRCU,ANTHRCU 101
1506,1,2360,1,31,SS,SS,2360,ANTHRCUL,101,Intro Anthro,ANTHRCU,ANTHRCU 101
1506,1,2360,1,32,SS,SS,2360,ANTHRCUL,101,Intro Anthro,ANTHRCU,ANTHRCU 101
1506,1,2360,1,33,SS,SS,2360,ANTHRCUL,101,Intro Anthro,ANTHRCU,ANTHRCU 101
1506,1,2360,1,34,SS,SS,2360,ANTHRCUL,101,Intro Anthro,ANTHRCU,ANTHRCU 101
1506,1,2360,1,35,SS,SS,2360,ANTHRCUL,101,Intro Anthro,ANTHRCU,ANTHRCU 101
1506,1,2360,1,36,SS,SS,2360,ANTHRCUL,101,Intro Anthro,ANTHRCU,ANTHRCU 101
1506,1,2360,1,37,SS,SS,2360,ANTHRCUL,101,Intro Anthro,ANTHRCU,ANTHRCU 101
1506,1,2360,1,5,SS,SS,2360,ANTHRCUL,101,Intro Anthro,ANTHRCU,ANTHRCU 101
1506,1,2360,1,38,SS,SS,2360,ANTHRCUL,101,Intro Anthro,ANTHRCU,ANTHRCU 101
1506,1,2360,1,39,SS,SS,2360,ANTHRCUL,101,Intro Anthro,ANTHRCU,ANTHRCU 101
1506,1,2360,1,40,SS,SS,2360,ANTHRCUL,101,Intro Anthro,ANTHRCU,ANTHRCU 101
1506,1,2360,1,13,SS,SS,2360,ANTHRCUL,101,Intro Anthro,ANTHRCU,ANTHRCU 101
1506,1,2360,1,41,SS,SS,2360,ANTHRCUL,101,Intro Anthro,ANTHRCU,ANTHRCU 101
1506,1,2360,1,42,SS,SS,2360,ANTHRCUL,101,Intro Anthro,ANTHRCU,ANTHRCU 101
1506,1,2360,1,6,SS,SS,2360,ANTHRCUL,101,Intro Anthro,ANTHRCU,ANTHRCU 101
1506,1,2360,1,43,SS,SS,2360,ANTHRCUL,101,Intro Anthro,ANTHRCU,ANTHRCU 101
1506,1,2360,1,14,SS,SS,2360,ANTHRCUL,101,Intro Anthro,ANTHRCU,ANTHRCU 101
1506,1,2360,1,12,SS,SS,2360,ANTHRCUL,101,Intro Anthro,ANTHRCU,ANTHRCU 101
1506,1,2360,1,11,SS,SS,2360,ANTHRCUL,101,Intro Anthro,ANTHRCU,ANTHRCU 101
1506,1,2360,1,8,SS,SS,2360,ANTHRCUL,101,Intro Anthro,ANTHRCU,ANTHRCU 101
1506,1,2360,1,7,SS,SS,2360,ANTHRCUL,101,Intro Anthro,ANTHRCU,ANTHRCU 101
1506,1,2360,1,28,SS,SS,2360,ANTHRCUL,101,Intro Anthro,ANTHRCU,ANTHRCU 101
1506,1,2360,1,9,SS,SS,2360,ANTHRCUL,101,Intro Anthro,ANTHRCU,ANTHRCU 101
1506,1,2360,1,10,SS,SS,2360,ANTHRCUL,101,Intro Anthro,ANTHRCU,ANTHRCU 101
21476,1,2360,1,2,SS,SS,2360,ANTHRCUL,158,1st Yr Sem Anthro,ANTHRCU,ANTHRCU 158
21476,1,2360,1,1,SS,SS,2360,ANTHRCUL,158,1st Yr Sem Anthro,ANTHRCU,ANTHRCU 158
4675,1,2360,1,3,SS,SS,2360,ANTHRCUL,222,Comp Std Cul,ANTHRCU,ANTHRCU 222
4675,1,2360,1,2,SS,SS,2360,ANTHRCUL,222,Comp Std Cul,ANTHRCU,ANTHRCU 222
4675,1,2360,1,1,SS,SS,2360,ANTHRCUL,222,Comp Std Cul,ANTHRCU,ANTHRCU 222
49169,1,2360,1,4,SS,SS,2360,ANTHRCUL,235,Crime and Punishment,ANTHRCU,ANTHRCU 235
49169,1,2360,1,2,SS,SS,2360,ANTHRCUL,235,Crime and Punishment,ANTHRCU,ANTHRCU 235
49169,1,2360,1,1,SS,SS,2360,ANTHRCUL,235,Crime and Punishment,ANTHRCU,ANTHRCU 235
49169,1,2360,1,3,SS,SS,2360,ANTHRCUL,235,Crime and Punishment,ANTHRCU,ANTHRCU 235
47116,1,2360,1,2,SS,SS,2360,ANTHRCUL,254,Anthropology of Food,ANTHRCU,ANTHRCU 254
47116,1,2360,1,1,SS,SS,2360,ANTHRCUL,254,Anthropology of Food,ANTHRCU,ANTHRCU 254
47116,1,2360,1,4,SS,SS,2360,ANTHRCUL,254,Anthropology of Food,ANTHRCU,ANTHRCU 254
47116,1,2360,1,3,SS,SS,2360,ANTHRCUL,254,Anthropology of Food,ANTHRCU,ANTHRCU 254
18447,1,2360,1,1,SS,SS,2360,ANTHRCUL,298,Sociocul Anth Topics,ANTHRCU,ANTHRCU 298
18448,1,2360,1,1,SS,SS,2360,ANTHRCUL,299,Ling Anth,ANTHRCU,ANTHRCU 299
21055,2,2360,1,1,SS,SS,2360,ANTHRCUL,314,Cuba&its Diaspora,ANTHRCU,ANTHRCU 314
14215,1,2360,1,1,SS,SS,2360,ANTHRCUL,319,Lat-Amer Soc,ANTHRCU,ANTHRCU 319
39085,1,2360,1,1,SS,SS,2360,ANTHRCUL,325,Childbirth&Culture,ANTHRCU,ANTHRCU 325
39085,1,2360,1,2,SS,SS,2360,ANTHRCUL,325,Childbirth&Culture,ANTHRCU,ANTHRCU 325
39085,1,2360,1,3,SS,SS,2360,ANTHRCUL,325,Childbirth&Culture,ANTHRCU,ANTHRCU 325
39085,1,2360,1,5,SS,SS,2360,ANTHRCUL,325,Childbirth&Culture,ANTHRCU,ANTHRCU 325
39085,1,2360,1,4,SS,SS,2360,ANTHRCUL,325,Childbirth&Culture,ANTHRCU,ANTHRCU 325
39085,1,2360,1,6,SS,SS,2360,ANTHRCUL,325,Childbirth&Culture,ANTHRCU,ANTHRCU 325
39085,1,2360,1,7,SS,SS,2360,ANTHRCUL,325,Childbirth&Culture,ANTHRCU,ANTHRCU 325
42968,1,2360,1,4,SS,SS,2360,ANTHRCUL,327,Medicine & Healing,ANTHRCU,ANTHRCU 327
42968,1,2360,1,5,SS,SS,2360,ANTHRCUL,327,Medicine & Healing,ANTHRCU,ANTHRCU 327
42968,1,2360,1,2,SS,SS,2360,ANTHRCUL,327,Medicine & Healing,ANTHRCU,ANTHRCU 327
42968,1,2360,1,1,SS,SS,2360,ANTHRCUL,327,Medicine & Healing,ANTHRCU,ANTHRCU 327
42968,1,2360,1,3,SS,SS,2360,ANTHRCUL,327,Medicine & Healing,ANTHRCU,ANTHRCU 327
42332,1,2360,1,1,SS,SS,2360,ANTHRCUL,328,Gl Consumer Cultures,ANTHRCU,ANTHRCU 328
4685,1,2360,1,1,SS,SS,2360,ANTHRCUL,333,Non-West Law I,ANTHRCU,ANTHRCU 333
47719,1,2360,1,4,SS,SS,2360,ANTHRCUL,341,Globalization-Biomed,ANTHRCU,ANTHRCU 341
47719,1,2360,1,1,SS,SS,2360,ANTHRCUL,341,Globalization-Biomed,ANTHRCU,ANTHRCU 341
47719,1,2360,1,2,SS,SS,2360,ANTHRCUL,341,Globalization-Biomed,ANTHRCU,ANTHRCU 341
47719,1,2360,1,3,SS,SS,2360,ANTHRCUL,341,Globalization-Biomed,ANTHRCU,ANTHRCU 341
5476,1,2360,1,3,SS,SS,2360,ANTHRCUL,346,Colonial Latin Amer,ANTHRCU,ANTHRCU 346
5476,1,2360,1,1,SS,SS,2360,ANTHRCUL,346,Colonial Latin Amer,ANTHRCU,ANTHRCU 346
5476,1,2360,1,4,SS,SS,2360,ANTHRCUL,346,Colonial Latin Amer,ANTHRCU,ANTHRCU 346
5476,1,2360,1,2,SS,SS,2360,ANTHRCUL,346,Colonial Latin Amer,ANTHRCU,ANTHRCU 346
49375,1,2360,1,1,SS,SS,2360,ANTHRCUL,348,Anthro of Islam,ANTHRCU,ANTHRCU 348
42521,1,2360,1,1,SS,SS,2360,ANTHRCUL,352,Anthro of the Body,ANTHRCU,ANTHRCU 352
16848,1,2360,1,1,SS,SS,2360,ANTHRCUL,356,Topics-Sociocul Anth,ANTHRCU,ANTHRCU 356
7937,1,2360,1,2,SS,SS,2360,ANTHRCUL,357,Ug Sem-Sociocul Anth,ANTHRCU,ANTHRCU 357
7937,1,2360,1,1,SS,SS,2360,ANTHRCUL,357,Ug Sem-Sociocul Anth,ANTHRCU,ANTHRCU 357
5435,1,2360,1,1,SS,SS,2360,ARMENIAN,389,Armenians in Turkey,ARMENIA,ARMENIA 389
47119,1,2360,1,1,SS,SS,2360,ASIAN,201,Society Culture Jpn,ASIA,ASIA 201
47119,1,2360,1,3,SS,SS,2360,ASIAN,201,Society Culture Jpn,ASIA,ASIA 201
47119,1,2360,1,2,SS,SS,2360,ASIAN,201,Society Culture Jpn,ASIA,ASIA 201
8019,1,2360,1,4,SS,SS,2360,ASIAN,207,Southeast Asian Civ,ASIA,ASIA 207
8019,1,2360,1,3,SS,SS,2360,ASIAN,207,Southeast Asian Civ,ASIA,ASIA 207
8019,1,2360,1,2,SS,SS,2360,ASIAN,207,Southeast Asian Civ,ASIA,ASIA 207
8019,1,2360,1,1,SS,SS,2360,ASIAN,207,Southeast Asian Civ,ASIA,ASIA 207
42040,2,2360,1,2,SS,SS,2360,ASIAN,354,War & Revol in China,ASIA,ASIA 354
42040,2,2360,1,1,SS,SS,2360,ASIAN,354,War & Revol in China,ASIA,ASIA 354
42040,2,2360,1,3,SS,SS,2360,ASIAN,354,War & Revol in China,ASIA,ASIA 354
44556,1,2360,1,1,SS,SS,2360,ASIAN,371,Nat Disasters E Asia,ASIA,ASIA 371
45600,1,2360,1,1,SS,SS,2360,ASIANPAM,102,A/PIA FY Sem,ASIANPA,ASIANPA 102
45605,1,2360,1,1,SS,SS,2360,ASIANPAM,310,A/PIA Studies & SS,ASIANPA,ASIANPA 310
19955,1,2360,1,8,SS,SS,2360,COMM,101,"Media, Past Present",COM,COM 101
19955,1,2360,1,12,SS,SS,2360,COMM,101,"Media, Past Present",COM,COM 101
19955,1,2360,1,13,SS,SS,2360,COMM,101,"Media, Past Present",COM,COM 101
19955,1,2360,1,11,SS,SS,2360,COMM,101,"Media, Past Present",COM,COM 101
19955,1,2360,1,9,SS,SS,2360,COMM,101,"Media, Past Present",COM,COM 101
19955,1,2360,1,99,SS,SS,2360,COMM,101,"Media, Past Present",COM,COM 101
19955,1,2360,1,7,SS,SS,2360,COMM,101,"Media, Past Present",COM,COM 101
19955,1,2360,1,6,SS,SS,2360,COMM,101,"Media, Past Present",COM,COM 101
19955,1,2360,1,5,SS,SS,2360,COMM,101,"Media, Past Present",COM,COM 101
19955,1,2360,1,4,SS,SS,2360,COMM,101,"Media, Past Present",COM,COM 101
19955,1,2360,1,3,SS,SS,2360,COMM,101,"Media, Past Present",COM,COM 101
19955,1,2360,1,2,SS,SS,2360,COMM,101,"Media, Past Present",COM,COM 101
19955,1,2360,1,1,SS,SS,2360,COMM,101,"Media, Past Present",COM,COM 101
19955,1,2360,1,10,SS,SS,2360,COMM,101,"Media, Past Present",COM,COM 101
19956,1,2360,1,5,SS,SS,2360,COMM,102,Process & Effects,COM,COM 102
19956,1,2360,1,1,SS,SS,2360,COMM,102,Process & Effects,COM,COM 102
19956,1,2360,1,2,SS,SS,2360,COMM,102,Process & Effects,COM,COM 102
19956,1,2360,1,3,SS,SS,2360,COMM,102,Process & Effects,COM,COM 102
19956,1,2360,1,11,SS,SS,2360,COMM,102,Process & Effects,COM,COM 102
19956,1,2360,1,12,SS,SS,2360,COMM,102,Process & Effects,COM,COM 102
19956,1,2360,1,10,SS,SS,2360,COMM,102,Process & Effects,COM,COM 102
19956,1,2360,1,9,SS,SS,2360,COMM,102,Process & Effects,COM,COM 102
19956,1,2360,1,4,SS,SS,2360,COMM,102,Process & Effects,COM,COM 102
19956,1,2360,1,8,SS,SS,2360,COMM,102,Process & Effects,COM,COM 102
19956,1,2360,1,6,SS,SS,2360,COMM,102,Process & Effects,COM,COM 102
19956,1,2360,1,7,SS,SS,2360,COMM,102,Process & Effects,COM,COM 102
19956,1,2360,1,13,SS,SS,2360,COMM,102,Process & Effects,COM,COM 102
46489,1,2360,1,2,SS,SS,2360,COMM,159,FYS in Media Issues,COM,COM 159
46489,1,2360,1,1,SS,SS,2360,COMM,159,FYS in Media Issues,COM,COM 159
19961,1,2360,1,4,SS,SS,2360,COMM,261,Views on the News,COM,COM 261
19961,1,2360,1,3,SS,SS,2360,COMM,261,Views on the News,COM,COM 261
19961,1,2360,1,2,SS,SS,2360,COMM,261,Views on the News,COM,COM 261
19961,1,2360,1,1,SS,SS,2360,COMM,261,Views on the News,COM,COM 261
48969,1,2360,1,6,SS,SS,2360,COMM,307,Media Topics in SS,COM,COM 307
48969,1,2360,1,7,SS,SS,2360,COMM,307,Media Topics in SS,COM,COM 307
48969,1,2360,1,8,SS,SS,2360,COMM,307,Media Topics in SS,COM,COM 307
48969,1,2360,1,9,SS,SS,2360,COMM,307,Media Topics in SS,COM,COM 307
48969,1,2360,1,5,SS,SS,2360,COMM,307,Media Topics in SS,COM,COM 307
48969,1,2360,1,1,SS,SS,2360,COMM,307,Media Topics in SS,COM,COM 307
48969,1,2360,1,2,SS,SS,2360,COMM,307,Media Topics in SS,COM,COM 307
48969,1,2360,1,3,SS,SS,2360,COMM,307,Media Topics in SS,COM,COM 307
48969,1,2360,1,4,SS,SS,2360,COMM,307,Media Topics in SS,COM,COM 307
8119,1,2360,1,2,SS,SS,2360,COMM,329,Media&Polit Behav,COM,COM 329
8119,1,2360,1,4,SS,SS,2360,COMM,329,Media&Polit Behav,COM,COM 329
8119,1,2360,1,3,SS,SS,2360,COMM,329,Media&Polit Behav,COM,COM 329
8119,1,2360,1,1,SS,SS,2360,COMM,329,Media&Polit Behav,COM,COM 329
50092,1,2360,1,4,SS,SS,2360,COMM,370,Social Networks,COM,COM 370
50092,1,2360,1,1,SS,SS,2360,COMM,370,Social Networks,COM,COM 370
50092,1,2360,1,3,SS,SS,2360,COMM,370,Social Networks,COM,COM 370
50092,1,2360,1,2,SS,SS,2360,COMM,370,Social Networks,COM,COM 370
50092,1,2360,1,5,SS,SS,2360,COMM,370,Social Networks,COM,COM 370
11928,1,2360,1,2,SS,SS,2360,CSP,100,CSP Reading Sem,CS,CS 100
11928,1,2360,1,1,SS,SS,2360,CSP,100,CSP Reading Sem,CS,CS 100
42810,2,2360,1,1,SS,SS,2360,DIGITAL,333,Video Games&Learning,DIGITA,DIGITA 333
1602,1,2360,1,108,SS,SS,2360,ECON,101,Principle Econ I,ECO,ECO 101
1602,1,2360,1,308,SS,SS,2360,ECON,101,Principle Econ I,ECO,ECO 101
1602,1,2360,1,107,SS,SS,2360,ECON,101,Principle Econ I,ECO,ECO 101
1602,1,2360,1,105,SS,SS,2360,ECON,101,Principle Econ I,ECO,ECO 101
1602,1,2360,1,313,SS,SS,2360,ECON,101,Principle Econ I,ECO,ECO 101
1602,1,2360,1,406,SS,SS,2360,ECON,101,Principle Econ I,ECO,ECO 101
1602,1,2360,1,405,SS,SS,2360,ECON,101,Principle Econ I,ECO,ECO 101
1602,1,2360,1,404,SS,SS,2360,ECON,101,Principle Econ I,ECO,ECO 101
1602,1,2360,1,309,SS,SS,2360,ECON,101,Principle Econ I,ECO,ECO 101
1602,1,2360,1,500,SS,SS,2360,ECON,101,Principle Econ I,ECO,ECO 101
1602,1,2360,1,305,SS,SS,2360,ECON,101,Principle Econ I,ECO,ECO 101
1602,1,2360,1,501,SS,SS,2360,ECON,101,Principle Econ I,ECO,ECO 101
1602,1,2360,1,301,SS,SS,2360,ECON,101,Principle Econ I,ECO,ECO 101
1602,1,2360,1,310,SS,SS,2360,ECON,101,Principle Econ I,ECO,ECO 101
1602,1,2360,1,311,SS,SS,2360,ECON,101,Principle Econ I,ECO,ECO 101
1602,1,2360,1,315,SS,SS,2360,ECON,101,Principle Econ I,ECO,ECO 101
1602,1,2360,1,499,SS,SS,2360,ECON,101,Principle Econ I,ECO,ECO 101
1602,1,2360,1,399,SS,SS,2360,ECON,101,Principle Econ I,ECO,ECO 101
1602,1,2360,1,199,SS,SS,2360,ECON,101,Principle Econ I,ECO,ECO 101
1602,1,2360,1,402,SS,SS,2360,ECON,101,Principle Econ I,ECO,ECO 101
1602,1,2360,1,304,SS,SS,2360,ECON,101,Principle Econ I,ECO,ECO 101
1602,1,2360,1,307,SS,SS,2360,ECON,101,Principle Econ I,ECO,ECO 101
1602,1,2360,1,312,SS,SS,2360,ECON,101,Principle Econ I,ECO,ECO 101
1602,1,2360,1,302,SS,SS,2360,ECON,101,Principle Econ I,ECO,ECO 101
1602,1,2360,1,109,SS,SS,2360,ECON,101,Principle Econ I,ECO,ECO 101
1602,1,2360,1,102,SS,SS,2360,ECON,101,Principle Econ I,ECO,ECO 101
1602,1,2360,1,110,SS,SS,2360,ECON,101,Principle Econ I,ECO,ECO 101
1602,1,2360,1,111,SS,SS,2360,ECON,101,Principle Econ I,ECO,ECO 101
1602,1,2360,1,200,SS,SS,2360,ECON,101,Principle Econ I,ECO,ECO 101
1602,1,2360,1,314,SS,SS,2360,ECON,101,Principle Econ I,ECO,ECO 101
1602,1,2360,1,400,SS,SS,2360,ECON,101,Principle Econ I,ECO,ECO 101
1602,1,2360,1,201,SS,SS,2360,ECON,101,Principle Econ I,ECO,ECO 101
1602,1,2360,1,207,SS,SS,2360,ECON,101,Principle Econ I,ECO,ECO 101
1602,1,2360,1,210,SS,SS,2360,ECON,101,Principle Econ I,ECO,ECO 101
1602,1,2360,1,205,SS,SS,2360,ECON,101,Principle Econ I,ECO,ECO 101
1602,1,2360,1,401,SS,SS,2360,ECON,101,Principle Econ I,ECO,ECO 101
1602,1,2360,1,208,SS,SS,2360,ECON,101,Principle Econ I,ECO,ECO 101
1602,1,2360,1,202,SS,SS,2360,ECON,101,Principle Econ I,ECO,ECO 101
1602,1,2360,1,101,SS,SS,2360,ECON,101,Principle Econ I,ECO,ECO 101
1602,1,2360,1,100,SS,SS,2360,ECON,101,Principle Econ I,ECO,ECO 101
1602,1,2360,1,300,SS,SS,2360,ECON,101,Principle Econ I,ECO,ECO 101
1602,1,2360,1,303,SS,SS,2360,ECON,101,Principle Econ I,ECO,ECO 101
1602,1,2360,1,403,SS,SS,2360,ECON,101,Principle Econ I,ECO,ECO 101
1602,1,2360,1,104,SS,SS,2360,ECON,101,Principle Econ I,ECO,ECO 101
1602,1,2360,1,211,SS,SS,2360,ECON,101,Principle Econ I,ECO,ECO 101
1602,1,2360,1,106,SS,SS,2360,ECON,101,Principle Econ I,ECO,ECO 101
1602,1,2360,1,103,SS,SS,2360,ECON,101,Principle Econ I,ECO,ECO 101
1602,1,2360,1,204,SS,SS,2360,ECON,101,Principle Econ I,ECO,ECO 101
1602,1,2360,1,306,SS,SS,2360,ECON,101,Principle Econ I,ECO,ECO 101
1602,1,2360,1,209,SS,SS,2360,ECON,101,Principle Econ I,ECO,ECO 101
1602,1,2360,1,410,SS,SS,2360,ECON,101,Principle Econ I,ECO,ECO 101
1602,1,2360,1,411,SS,SS,2360,ECON,101,Principle Econ I,ECO,ECO 101
1602,1,2360,1,409,SS,SS,2360,ECON,101,Principle Econ I,ECO,ECO 101
1602,1,2360,1,203,SS,SS,2360,ECON,101,Principle Econ I,ECO,ECO 101
1602,1,2360,1,206,SS,SS,2360,ECON,101,Principle Econ I,ECO,ECO 101
1602,1,2360,1,408,SS,SS,2360,ECON,101,Principle Econ I,ECO,ECO 101
1602,1,2360,1,407,SS,SS,2360,ECON,101,Principle Econ I,ECO,ECO 101
5040,1,2360,1,103,SS,SS,2360,ECON,102,Principle Econ II,ECO,ECO 102
5040,1,2360,1,203,SS,SS,2360,ECON,102,Principle Econ II,ECO,ECO 102
5040,1,2360,1,210,SS,SS,2360,ECON,102,Principle Econ II,ECO,ECO 102
5040,1,2360,1,100,SS,SS,2360,ECON,102,Principle Econ II,ECO,ECO 102
5040,1,2360,1,105,SS,SS,2360,ECON,102,Principle Econ II,ECO,ECO 102
5040,1,2360,1,104,SS,SS,2360,ECON,102,Principle Econ II,ECO,ECO 102
5040,1,2360,1,106,SS,SS,2360,ECON,102,Principle Econ II,ECO,ECO 102
5040,1,2360,1,200,SS,SS,2360,ECON,102,Principle Econ II,ECO,ECO 102
5040,1,2360,1,101,SS,SS,2360,ECON,102,Principle Econ II,ECO,ECO 102
5040,1,2360,1,109,SS,SS,2360,ECON,102,Principle Econ II,ECO,ECO 102
5040,1,2360,1,299,SS,SS,2360,ECON,102,Principle Econ II,ECO,ECO 102
5040,1,2360,1,211,SS,SS,2360,ECON,102,Principle Econ II,ECO,ECO 102
5040,1,2360,1,202,SS,SS,2360,ECON,102,Principle Econ II,ECO,ECO 102
5040,1,2360,1,201,SS,SS,2360,ECON,102,Principle Econ II,ECO,ECO 102
5040,1,2360,1,205,SS,SS,2360,ECON,102,Principle Econ II,ECO,ECO 102
5040,1,2360,1,206,SS,SS,2360,ECON,102,Principle Econ II,ECO,ECO 102
5040,1,2360,1,204,SS,SS,2360,ECON,102,Principle Econ II,ECO,ECO 102
5040,1,2360,1,208,SS,SS,2360,ECON,102,Principle Econ II,ECO,ECO 102
5040,1,2360,1,209,SS,SS,2360,ECON,102,Principle Econ II,ECO,ECO 102
5040,1,2360,1,102,SS,SS,2360,ECON,102,Principle Econ II,ECO,ECO 102
5040,1,2360,1,107,SS,SS,2360,ECON,102,Principle Econ II,ECO,ECO 102
5040,1,2360,1,108,SS,SS,2360,ECON,102,Principle Econ II,ECO,ECO 102
5040,1,2360,1,199,SS,SS,2360,ECON,102,Principle Econ II,ECO,ECO 102
5040,1,2360,1,111,SS,SS,2360,ECON,102,Principle Econ II,ECO,ECO 102
5040,1,2360,1,207,SS,SS,2360,ECON,102,Principle Econ II,ECO,ECO 102
5040,1,2360,1,110,SS,SS,2360,ECON,102,Principle Econ II,ECO,ECO 102
19243,1,2360,1,1,SS,SS,2360,ECON,108,Intro Micro,ECO,ECO 108
11947,1,2360,1,1,SS,SS,2360,ECON,310,Money&Banking,ECO,ECO 310
21518,1,2360,1,1,SS,SS,2360,ECON,323,Econ and Gender,ECO,ECO 323
11949,1,2360,1,1,SS,SS,2360,ECON,330,Amer Industry,ECO,ECO 330
11949,1,2360,1,3,SS,SS,2360,ECON,330,Amer Industry,ECO,ECO 330
11949,1,2360,1,2,SS,SS,2360,ECON,330,Amer Industry,ECO,ECO 330
11949,1,2360,1,4,SS,SS,2360,ECON,330,Amer Industry,ECO,ECO 330
11949,1,2360,1,5,SS,SS,2360,ECON,330,Amer Industry,ECO,ECO 330
11950,1,2360,1,1,SS,SS,2360,ECON,340,Internatl Econ,ECO,ECO 340
11953,1,2360,1,1,SS,SS,2360,ECON,370,Environ&Res Econ,ECO,ECO 370
11954,1,2360,1,1,SS,SS,2360,ECON,380,Public Finance,ECO,ECO 380
19995,1,2360,1,2,SS,SS,2360,ECON,398,Strategy,ECO,ECO 398
19995,1,2360,1,3,SS,SS,2360,ECON,398,Strategy,ECO,ECO 398
19995,1,2360,1,1,SS,SS,2360,ECON,398,Strategy,ECO,ECO 398
42810,1,2360,1,1,SS,SS,2360,EDUC,333,Video Games&Learning,EDU,EDU 333
47456,1,2360,1,1,SS,SS,2360,ENVIRON,152,Envir Soc Sci Topics,ENVIRO,ENVIRO 152
44512,1,2360,1,2,SS,SS,2360,ENVIRON,207,Sust & Society,ENVIRO,ENVIRO 207
44512,1,2360,1,4,SS,SS,2360,ENVIRON,207,Sust & Society,ENVIRO,ENVIRO 207
44512,1,2360,1,3,SS,SS,2360,ENVIRON,207,Sust & Society,ENVIRO,ENVIRO 207
44512,1,2360,1,1,SS,SS,2360,ENVIRON,207,Sust & Society,ENVIRO,ENVIRO 207
20107,3,2360,1,4,SS,SS,2360,ENVIRON,222,Intro to Env Justice,ENVIRO,ENVIRO 222
20107,3,2360,1,3,SS,SS,2360,ENVIRON,222,Intro to Env Justice,ENVIRO,ENVIRO 222
20107,3,2360,1,1,SS,SS,2360,ENVIRON,222,Intro to Env Justice,ENVIRO,ENVIRO 222
20107,3,2360,1,2,SS,SS,2360,ENVIRON,222,Intro to Env Justice,ENVIRO,ENVIRO 222
39928,1,2360,1,1,SS,SS,2360,ENVIRON,302,Envir Soc Sci Topics,ENVIRO,ENVIRO 302
39928,1,2360,1,2,SS,SS,2360,ENVIRON,302,Envir Soc Sci Topics,ENVIRO,ENVIRO 302
41876,1,2360,1,1,SS,SS,2360,ENVIRON,306,Global Water,ENVIRO,ENVIRO 306
45385,1,2360,1,1,SS,SS,2360,ENVIRON,308,Sustain & Health,ENVIRO,ENVIRO 308
43658,1,2360,1,1,SS,SS,2360,ENVIRON,321,Climate Adaptation,ENVIRO,ENVIRO 321
18151,3,2360,1,5,SS,SS,2360,ENVIRON,335,Intro Env Politics,ENVIRO,ENVIRO 335
18151,3,2360,1,2,SS,SS,2360,ENVIRON,335,Intro Env Politics,ENVIRO,ENVIRO 335
18151,3,2360,1,6,SS,SS,2360,ENVIRON,335,Intro Env Politics,ENVIRO,ENVIRO 335
18151,3,2360,1,7,SS,SS,2360,ENVIRON,335,Intro Env Politics,ENVIRO,ENVIRO 335
18151,3,2360,1,1,SS,SS,2360,ENVIRON,335,Intro Env Politics,ENVIRO,ENVIRO 335
18151,3,2360,1,3,SS,SS,2360,ENVIRON,335,Intro Env Politics,ENVIRO,ENVIRO 335
18151,3,2360,1,4,SS,SS,2360,ENVIRON,335,Intro Env Politics,ENVIRO,ENVIRO 335
19381,2,2360,1,3,SS,SS,2360,ENVIRON,360,Behavior&Environment,ENVIRO,ENVIRO 360
19381,2,2360,1,4,SS,SS,2360,ENVIRON,360,Behavior&Environment,ENVIRO,ENVIRO 360
19381,2,2360,1,1,SS,SS,2360,ENVIRON,360,Behavior&Environment,ENVIRO,ENVIRO 360
19381,2,2360,1,2,SS,SS,2360,ENVIRON,360,Behavior&Environment,ENVIRO,ENVIRO 360
19381,2,2360,1,6,SS,SS,2360,ENVIRON,360,Behavior&Environment,ENVIRO,ENVIRO 360
19381,2,2360,1,5,SS,SS,2360,ENVIRON,360,Behavior&Environment,ENVIRO,ENVIRO 360
19381,2,2360,1,7,SS,SS,2360,ENVIRON,360,Behavior&Environment,ENVIRO,ENVIRO 360
11953,3,2360,1,1,SS,SS,2360,ENVIRON,375,Environ&Res Econ,ENVIRO,ENVIRO 375
47740,1,2360,1,1,SS,SS,2360,ENVIRON,395,Natural Resource Law,ENVIRO,ENVIRO 395
40386,2,2360,1,11,SS,SS,2360,GEOG,145,Int to Intnl Studies,GEO,GEO 145
40386,2,2360,1,9,SS,SS,2360,GEOG,145,Int to Intnl Studies,GEO,GEO 145
40386,2,2360,1,5,SS,SS,2360,GEOG,145,Int to Intnl Studies,GEO,GEO 145
40386,2,2360,1,4,SS,SS,2360,GEOG,145,Int to Intnl Studies,GEO,GEO 145
40386,2,2360,1,3,SS,SS,2360,GEOG,145,Int to Intnl Studies,GEO,GEO 145
40386,2,2360,1,1,SS,SS,2360,GEOG,145,Int to Intnl Studies,GEO,GEO 145
40386,2,2360,1,6,SS,SS,2360,GEOG,145,Int to Intnl Studies,GEO,GEO 145
40386,2,2360,1,7,SS,SS,2360,GEOG,145,Int to Intnl Studies,GEO,GEO 145
40386,2,2360,1,12,SS,SS,2360,GEOG,145,Int to Intnl Studies,GEO,GEO 145
40386,2,2360,1,10,SS,SS,2360,GEOG,145,Int to Intnl Studies,GEO,GEO 145
40386,2,2360,1,2,SS,SS,2360,GEOG,145,Int to Intnl Studies,GEO,GEO 145
40386,2,2360,1,8,SS,SS,2360,GEOG,145,Int to Intnl Studies,GEO,GEO 145
14850,2,2360,1,1,SS,SS,2360,GERMAN,379,"Sports, Pol, Society",GERMA,GERMA 379
14850,2,2360,1,2,SS,SS,2360,GERMAN,379,"Sports, Pol, Society",GERMA,GERMA 379
14850,2,2360,1,3,SS,SS,2360,GERMAN,379,"Sports, Pol, Society",GERMA,GERMA 379
14850,2,2360,1,12,SS,SS,2360,GERMAN,379,"Sports, Pol, Society",GERMA,GERMA 379
14850,2,2360,1,9,SS,SS,2360,GERMAN,379,"Sports, Pol, Society",GERMA,GERMA 379
14850,2,2360,1,10,SS,SS,2360,GERMAN,379,"Sports, Pol, Society",GERMA,GERMA 379
14850,2,2360,1,5,SS,SS,2360,GERMAN,379,"Sports, Pol, Society",GERMA,GERMA 379
14850,2,2360,1,11,SS,SS,2360,GERMAN,379,"Sports, Pol, Society",GERMA,GERMA 379
14850,2,2360,1,7,SS,SS,2360,GERMAN,379,"Sports, Pol, Society",GERMA,GERMA 379
14850,2,2360,1,8,SS,SS,2360,GERMAN,379,"Sports, Pol, Society",GERMA,GERMA 379
14850,2,2360,1,4,SS,SS,2360,GERMAN,379,"Sports, Pol, Society",GERMA,GERMA 379
8448,3,2360,1,7,SS,SS,2360,GERMAN,391,The Holocaust,GERMA,GERMA 391
8448,3,2360,1,9,SS,SS,2360,GERMAN,391,The Holocaust,GERMA,GERMA 391
8448,3,2360,1,5,SS,SS,2360,GERMAN,391,The Holocaust,GERMA,GERMA 391
8448,3,2360,1,4,SS,SS,2360,GERMAN,391,The Holocaust,GERMA,GERMA 391
8448,3,2360,1,3,SS,SS,2360,GERMAN,391,The Holocaust,GERMA,GERMA 391
8448,3,2360,1,6,SS,SS,2360,GERMAN,391,The Holocaust,GERMA,GERMA 391
8448,3,2360,1,8,SS,SS,2360,GERMAN,391,The Holocaust,GERMA,GERMA 391
8448,3,2360,1,2,SS,SS,2360,GERMAN,391,The Holocaust,GERMA,GERMA 391
8448,3,2360,1,1,SS,SS,2360,GERMAN,391,The Holocaust,GERMA,GERMA 391
8448,3,2360,1,10,SS,SS,2360,GERMAN,391,The Holocaust,GERMA,GERMA 391
38582,1,2360,1,1,SS,SS,2360,GREEKMOD,214,Intro To Mod Gk Cult,GREEKMO,GREEKMO 214
5421,1,2360,1,1,SS,SS,2360,HISTORY,196,1st Yr SS Seminar,HISTOR,HISTOR 196
8019,2,2360,1,3,SS,SS,2360,HISTORY,207,Southeast Asian Civ,HISTOR,HISTOR 207
8019,2,2360,1,4,SS,SS,2360,HISTORY,207,Southeast Asian Civ,HISTOR,HISTOR 207
8019,2,2360,1,2,SS,SS,2360,HISTORY,207,Southeast Asian Civ,HISTOR,HISTOR 207
8019,2,2360,1,1,SS,SS,2360,HISTORY,207,Southeast Asian Civ,HISTOR,HISTOR 207
5423,1,2360,1,1,SS,SS,2360,HISTORY,210,Early Med Europe,HISTOR,HISTOR 210
5423,1,2360,1,3,SS,SS,2360,HISTORY,210,Early Med Europe,HISTOR,HISTOR 210
5423,1,2360,1,4,SS,SS,2360,HISTORY,210,Early Med Europe,HISTOR,HISTOR 210
5423,1,2360,1,5,SS,SS,2360,HISTORY,210,Early Med Europe,HISTOR,HISTOR 210
5423,1,2360,1,6,SS,SS,2360,HISTORY,210,Early Med Europe,HISTOR,HISTOR 210
5423,1,2360,1,2,SS,SS,2360,HISTORY,210,Early Med Europe,HISTOR,HISTOR 210
41907,1,2360,1,1,SS,SS,2360,HISTORY,240,The World Since 1492,HISTOR,HISTOR 240
41907,1,2360,1,3,SS,SS,2360,HISTORY,240,The World Since 1492,HISTOR,HISTOR 240
41907,1,2360,1,2,SS,SS,2360,HISTORY,240,The World Since 1492,HISTOR,HISTOR 240
21307,1,2360,1,3,SS,SS,2360,HISTORY,241,Amer&MidEast Wars,HISTOR,HISTOR 241
21307,1,2360,1,4,SS,SS,2360,HISTORY,241,Amer&MidEast Wars,HISTOR,HISTOR 241
21307,1,2360,1,5,SS,SS,2360,HISTORY,241,Amer&MidEast Wars,HISTOR,HISTOR 241
21307,1,2360,1,6,SS,SS,2360,HISTORY,241,Amer&MidEast Wars,HISTOR,HISTOR 241
21307,1,2360,1,2,SS,SS,2360,HISTORY,241,Amer&MidEast Wars,HISTOR,HISTOR 241
21307,1,2360,1,1,SS,SS,2360,HISTORY,241,Amer&MidEast Wars,HISTOR,HISTOR 241
16611,2,2360,1,1,SS,SS,2360,HISTORY,246,Africa to 1850,HISTOR,HISTOR 246
1700,1,2360,1,1,SS,SS,2360,HISTORY,260,U S to 1865,HISTOR,HISTOR 260
1700,1,2360,1,3,SS,SS,2360,HISTORY,260,U S to 1865,HISTOR,HISTOR 260
1700,1,2360,1,2,SS,SS,2360,HISTORY,260,U S to 1865,HISTOR,HISTOR 260
1700,1,2360,1,4,SS,SS,2360,HISTORY,260,U S to 1865,HISTOR,HISTOR 260
4591,2,2360,1,1,SS,SS,2360,HISTORY,274,Surv Hist I,HISTOR,HISTOR 274
46697,1,2360,1,3,SS,SS,2360,HISTORY,282,Hist of the Economy,HISTOR,HISTOR 282
46697,1,2360,1,5,SS,SS,2360,HISTORY,282,Hist of the Economy,HISTOR,HISTOR 282
46697,1,2360,1,7,SS,SS,2360,HISTORY,282,Hist of the Economy,HISTOR,HISTOR 282
46697,1,2360,1,1,SS,SS,2360,HISTORY,282,Hist of the Economy,HISTOR,HISTOR 282
46697,1,2360,1,2,SS,SS,2360,HISTORY,282,Hist of the Economy,HISTOR,HISTOR 282
46697,1,2360,1,4,SS,SS,2360,HISTORY,282,Hist of the Economy,HISTOR,HISTOR 282
46697,1,2360,1,6,SS,SS,2360,HISTORY,282,Hist of the Economy,HISTOR,HISTOR 282
8442,1,2360,1,4,SS,SS,2360,HISTORY,284,Sickness & Health,HISTOR,HISTOR 284
8442,1,2360,1,3,SS,SS,2360,HISTORY,284,Sickness & Health,HISTOR,HISTOR 284
8442,1,2360,1,6,SS,SS,2360,HISTORY,284,Sickness & Health,HISTOR,HISTOR 284
8442,1,2360,1,2,SS,SS,2360,HISTORY,284,Sickness & Health,HISTOR,HISTOR 284
8442,1,2360,1,5,SS,SS,2360,HISTORY,284,Sickness & Health,HISTOR,HISTOR 284
8442,1,2360,1,1,SS,SS,2360,HISTORY,284,Sickness & Health,HISTOR,HISTOR 284
21111,1,2360,1,1,SS,SS,2360,HISTORY,289,U.S. in the World,HISTOR,HISTOR 289
5438,1,2360,1,1,SS,SS,2360,HISTORY,318,Europe-1945,HISTOR,HISTOR 318
5438,1,2360,1,5,SS,SS,2360,HISTORY,318,Europe-1945,HISTOR,HISTOR 318
5438,1,2360,1,2,SS,SS,2360,HISTORY,318,Europe-1945,HISTOR,HISTOR 318
5438,1,2360,1,3,SS,SS,2360,HISTORY,318,Europe-1945,HISTOR,HISTOR 318
5438,1,2360,1,4,SS,SS,2360,HISTORY,318,Europe-1945,HISTOR,HISTOR 318
43455,1,2360,1,1,SS,SS,2360,HISTORY,329,SS History Topics,HISTOR,HISTOR 329
10093,1,2360,1,4,SS,SS,2360,HISTORY,332,Russ&Sov Un,HISTOR,HISTOR 332
10093,1,2360,1,2,SS,SS,2360,HISTORY,332,Russ&Sov Un,HISTOR,HISTOR 332
10093,1,2360,1,3,SS,SS,2360,HISTORY,332,Russ&Sov Un,HISTOR,HISTOR 332
10093,1,2360,1,1,SS,SS,2360,HISTORY,332,Russ&Sov Un,HISTOR,HISTOR 332
10093,1,2360,1,5,SS,SS,2360,HISTORY,332,Russ&Sov Un,HISTOR,HISTOR 332
42079,1,2360,1,1,SS,SS,2360,HISTORY,343,Rise of Corporation,HISTOR,HISTOR 343
16517,2,2360,1,1,SS,SS,2360,HISTORY,345,Hist&Thry Punishment,HISTOR,HISTOR 345
42758,1,2360,1,5,SS,SS,2360,HISTORY,346,American Radicalism,HISTOR,HISTOR 346
42758,1,2360,1,4,SS,SS,2360,HISTORY,346,American Radicalism,HISTOR,HISTOR 346
42758,1,2360,1,3,SS,SS,2360,HISTORY,346,American Radicalism,HISTOR,HISTOR 346
42758,1,2360,1,1,SS,SS,2360,HISTORY,346,American Radicalism,HISTOR,HISTOR 346
42758,1,2360,1,6,SS,SS,2360,HISTORY,346,American Radicalism,HISTOR,HISTOR 346
42758,1,2360,1,2,SS,SS,2360,HISTORY,346,American Radicalism,HISTOR,HISTOR 346
5476,2,2360,1,1,SS,SS,2360,HISTORY,347,Colonial Latin Amer,HISTOR,HISTOR 347
5476,2,2360,1,4,SS,SS,2360,HISTORY,347,Colonial Latin Amer,HISTOR,HISTOR 347
5476,2,2360,1,3,SS,SS,2360,HISTORY,347,Colonial Latin Amer,HISTOR,HISTOR 347
5476,2,2360,1,2,SS,SS,2360,HISTORY,347,Colonial Latin Amer,HISTOR,HISTOR 347
42040,1,2360,1,2,SS,SS,2360,HISTORY,354,War & Revol in China,HISTOR,HISTOR 354
42040,1,2360,1,1,SS,SS,2360,HISTORY,354,War & Revol in China,HISTOR,HISTOR 354
42040,1,2360,1,3,SS,SS,2360,HISTORY,354,War & Revol in China,HISTOR,HISTOR 354
47569,1,2360,1,1,SS,SS,2360,HISTORY,366,Crime and Drugs,HISTOR,HISTOR 366
47569,1,2360,1,2,SS,SS,2360,HISTORY,366,Crime and Drugs,HISTOR,HISTOR 366
47569,1,2360,1,3,SS,SS,2360,HISTORY,366,Crime and Drugs,HISTOR,HISTOR 366
5442,1,2360,1,1,SS,SS,2360,HISTORY,367,Amer Indian History,HISTOR,HISTOR 367
19656,2,2360,1,4,SS,SS,2360,HISTORY,374,The Sixties,HISTOR,HISTOR 374
19656,2,2360,1,10,SS,SS,2360,HISTORY,374,The Sixties,HISTOR,HISTOR 374
19656,2,2360,1,5,SS,SS,2360,HISTORY,374,The Sixties,HISTOR,HISTOR 374
19656,2,2360,1,2,SS,SS,2360,HISTORY,374,The Sixties,HISTOR,HISTOR 374
19656,2,2360,1,1,SS,SS,2360,HISTORY,374,The Sixties,HISTOR,HISTOR 374
19656,2,2360,1,3,SS,SS,2360,HISTORY,374,The Sixties,HISTOR,HISTOR 374
19656,2,2360,1,7,SS,SS,2360,HISTORY,374,The Sixties,HISTOR,HISTOR 374
19656,2,2360,1,6,SS,SS,2360,HISTORY,374,The Sixties,HISTOR,HISTOR 374
19656,2,2360,1,11,SS,SS,2360,HISTORY,374,The Sixties,HISTOR,HISTOR 374
19656,2,2360,1,12,SS,SS,2360,HISTORY,374,The Sixties,HISTOR,HISTOR 374
19656,2,2360,1,13,SS,SS,2360,HISTORY,374,The Sixties,HISTOR,HISTOR 374
19656,2,2360,1,8,SS,SS,2360,HISTORY,374,The Sixties,HISTOR,HISTOR 374
19656,2,2360,1,9,SS,SS,2360,HISTORY,374,The Sixties,HISTOR,HISTOR 374
8448,1,2360,1,7,SS,SS,2360,HISTORY,386,The Holocaust,HISTOR,HISTOR 386
8448,1,2360,1,2,SS,SS,2360,HISTORY,386,The Holocaust,HISTOR,HISTOR 386
8448,1,2360,1,4,SS,SS,2360,HISTORY,386,The Holocaust,HISTOR,HISTOR 386
8448,1,2360,1,5,SS,SS,2360,HISTORY,386,The Holocaust,HISTOR,HISTOR 386
8448,1,2360,1,6,SS,SS,2360,HISTORY,386,The Holocaust,HISTOR,HISTOR 386
8448,1,2360,1,10,SS,SS,2360,HISTORY,386,The Holocaust,HISTOR,HISTOR 386
8448,1,2360,1,8,SS,SS,2360,HISTORY,386,The Holocaust,HISTOR,HISTOR 386
8448,1,2360,1,9,SS,SS,2360,HISTORY,386,The Holocaust,HISTOR,HISTOR 386
8448,1,2360,1,1,SS,SS,2360,HISTORY,386,The Holocaust,HISTOR,HISTOR 386
8448,1,2360,1,3,SS,SS,2360,HISTORY,386,The Holocaust,HISTOR,HISTOR 386
5435,2,2360,1,1,SS,SS,2360,HISTORY,389,Armenians in Turkey,HISTOR,HISTOR 389
46291,1,2360,1,7,SS,SS,2360,HONORS,230,Honors Core SS,HONOR,HONOR 230
46291,1,2360,1,3,SS,SS,2360,HONORS,230,Honors Core SS,HONOR,HONOR 230
46291,1,2360,1,2,SS,SS,2360,HONORS,230,Honors Core SS,HONOR,HONOR 230
46291,1,2360,1,1,SS,SS,2360,HONORS,230,Honors Core SS,HONOR,HONOR 230
46291,1,2360,1,4,SS,SS,2360,HONORS,230,Honors Core SS,HONOR,HONOR 230
46291,1,2360,1,5,SS,SS,2360,HONORS,230,Honors Core SS,HONOR,HONOR 230
46291,1,2360,1,6,SS,SS,2360,HONORS,230,Honors Core SS,HONOR,HONOR 230
45892,1,2360,1,5,SS,SS,2360,HONORS,240,Hon Core Writing SS,HONOR,HONOR 240
45892,1,2360,1,4,SS,SS,2360,HONORS,240,Hon Core Writing SS,HONOR,HONOR 240
45892,1,2360,1,11,SS,SS,2360,HONORS,240,Hon Core Writing SS,HONOR,HONOR 240
45892,1,2360,1,12,SS,SS,2360,HONORS,240,Hon Core Writing SS,HONOR,HONOR 240
45892,1,2360,1,1,SS,SS,2360,HONORS,240,Hon Core Writing SS,HONOR,HONOR 240
45892,1,2360,1,2,SS,SS,2360,HONORS,240,Hon Core Writing SS,HONOR,HONOR 240
45892,1,2360,1,10,SS,SS,2360,HONORS,240,Hon Core Writing SS,HONOR,HONOR 240
45892,1,2360,1,3,SS,SS,2360,HONORS,240,Hon Core Writing SS,HONOR,HONOR 240
45892,1,2360,1,8,SS,SS,2360,HONORS,240,Hon Core Writing SS,HONOR,HONOR 240
45892,1,2360,1,7,SS,SS,2360,HONORS,240,Hon Core Writing SS,HONOR,HONOR 240
45892,1,2360,1,9,SS,SS,2360,HONORS,240,Hon Core Writing SS,HONOR,HONOR 240
45892,1,2360,1,6,SS,SS,2360,HONORS,240,Hon Core Writing SS,HONOR,HONOR 240
5589,1,2360,1,2,SS,SS,2360,HONORS,250,Hon Sem Soc Sci,HONOR,HONOR 250
40386,3,2360,1,9,SS,SS,2360,INTLSTD,101,Int to Intnl Studies,INTLST,INTLST 101
40386,3,2360,1,12,SS,SS,2360,INTLSTD,101,Int to Intnl Studies,INTLST,INTLST 101
40386,3,2360,1,10,SS,SS,2360,INTLSTD,101,Int to Intnl Studies,INTLST,INTLST 101
40386,3,2360,1,8,SS,SS,2360,INTLSTD,101,Int to Intnl Studies,INTLST,INTLST 101
40386,3,2360,1,11,SS,SS,2360,INTLSTD,101,Int to Intnl Studies,INTLST,INTLST 101
40386,3,2360,1,1,SS,SS,2360,INTLSTD,101,Int to Intnl Studies,INTLST,INTLST 101
40386,3,2360,1,2,SS,SS,2360,INTLSTD,101,Int to Intnl Studies,INTLST,INTLST 101
40386,3,2360,1,6,SS,SS,2360,INTLSTD,101,Int to Intnl Studies,INTLST,INTLST 101
40386,3,2360,1,4,SS,SS,2360,INTLSTD,101,Int to Intnl Studies,INTLST,INTLST 101
40386,3,2360,1,7,SS,SS,2360,INTLSTD,101,Int to Intnl Studies,INTLST,INTLST 101
40386,3,2360,1,5,SS,SS,2360,INTLSTD,101,Int to Intnl Studies,INTLST,INTLST 101
40386,3,2360,1,3,SS,SS,2360,INTLSTD,101,Int to Intnl Studies,INTLST,INTLST 101
49375,3,2360,1,1,SS,SS,2360,INTLSTD,381,Anthro of Islam,INTLST,INTLST 381
47469,1,2360,1,2,SS,SS,2360,INTLSTD,385,Intl Topics in SS,INTLST,INTLST 385
47469,1,2360,1,15,SS,SS,2360,INTLSTD,385,Intl Topics in SS,INTLST,INTLST 385
47469,1,2360,1,14,SS,SS,2360,INTLSTD,385,Intl Topics in SS,INTLST,INTLST 385
47469,1,2360,1,13,SS,SS,2360,INTLSTD,385,Intl Topics in SS,INTLST,INTLST 385
47469,1,2360,1,12,SS,SS,2360,INTLSTD,385,Intl Topics in SS,INTLST,INTLST 385
47469,1,2360,1,1,SS,SS,2360,INTLSTD,385,Intl Topics in SS,INTLST,INTLST 385
47469,1,2360,1,5,SS,SS,2360,INTLSTD,385,Intl Topics in SS,INTLST,INTLST 385
47469,1,2360,1,4,SS,SS,2360,INTLSTD,385,Intl Topics in SS,INTLST,INTLST 385
47469,1,2360,1,3,SS,SS,2360,INTLSTD,385,Intl Topics in SS,INTLST,INTLST 385
21307,2,2360,1,5,SS,SS,2360,ISLAM,241,Amer&MidEast Wars,ISLA,ISLA 241
21307,2,2360,1,2,SS,SS,2360,ISLAM,241,Amer&MidEast Wars,ISLA,ISLA 241
21307,2,2360,1,1,SS,SS,2360,ISLAM,241,Amer&MidEast Wars,ISLA,ISLA 241
21307,2,2360,1,6,SS,SS,2360,ISLAM,241,Amer&MidEast Wars,ISLA,ISLA 241
21307,2,2360,1,4,SS,SS,2360,ISLAM,241,Amer&MidEast Wars,ISLA,ISLA 241
21307,2,2360,1,3,SS,SS,2360,ISLAM,241,Amer&MidEast Wars,ISLA,ISLA 241
18780,2,2360,1,1,SS,SS,2360,JUDAIC,373,Israeli Society,JUDAI,JUDAI 373
8448,2,2360,1,10,SS,SS,2360,JUDAIC,386,The Holocaust,JUDAI,JUDAI 386
8448,2,2360,1,5,SS,SS,2360,JUDAIC,386,The Holocaust,JUDAI,JUDAI 386
8448,2,2360,1,4,SS,SS,2360,JUDAIC,386,The Holocaust,JUDAI,JUDAI 386
8448,2,2360,1,3,SS,SS,2360,JUDAIC,386,The Holocaust,JUDAI,JUDAI 386
8448,2,2360,1,1,SS,SS,2360,JUDAIC,386,The Holocaust,JUDAI,JUDAI 386
8448,2,2360,1,6,SS,SS,2360,JUDAIC,386,The Holocaust,JUDAI,JUDAI 386
8448,2,2360,1,2,SS,SS,2360,JUDAIC,386,The Holocaust,JUDAI,JUDAI 386
8448,2,2360,1,8,SS,SS,2360,JUDAIC,386,The Holocaust,JUDAI,JUDAI 386
8448,2,2360,1,7,SS,SS,2360,JUDAIC,386,The Holocaust,JUDAI,JUDAI 386
8448,2,2360,1,9,SS,SS,2360,JUDAIC,386,The Holocaust,JUDAI,JUDAI 386
45627,1,2360,1,1,SS,SS,2360,LATINOAM,301,Topics Latina/o Stds,LATINOA,LATINOA 301
15878,3,2360,1,1,SS,SS,2360,LATINOAM,304,Amer Immigration,LATINOA,LATINOA 304
15878,3,2360,1,2,SS,SS,2360,LATINOAM,304,Amer Immigration,LATINOA,LATINOA 304
15878,3,2360,1,3,SS,SS,2360,LATINOAM,304,Amer Immigration,LATINOA,LATINOA 304
15878,3,2360,1,4,SS,SS,2360,LATINOAM,304,Amer Immigration,LATINOA,LATINOA 304
21055,3,2360,1,1,SS,SS,2360,LATINOAM,313,Cuba&its Diaspora,LATINOA,LATINOA 313
47139,1,2360,1,1,SS,SS,2360,LING,106,First Lang Acquisitn,LIN,LIN 106
10853,1,2360,1,7,SS,SS,2360,LING,111,Intro to Language,LIN,LIN 111
10853,1,2360,1,10,SS,SS,2360,LING,111,Intro to Language,LIN,LIN 111
10853,1,2360,1,11,SS,SS,2360,LING,111,Intro to Language,LIN,LIN 111
10853,1,2360,1,13,SS,SS,2360,LING,111,Intro to Language,LIN,LIN 111
10853,1,2360,1,5,SS,SS,2360,LING,111,Intro to Language,LIN,LIN 111
10853,1,2360,1,6,SS,SS,2360,LING,111,Intro to Language,LIN,LIN 111
10853,1,2360,1,9,SS,SS,2360,LING,111,Intro to Language,LIN,LIN 111
10853,1,2360,1,4,SS,SS,2360,LING,111,Intro to Language,LIN,LIN 111
10853,1,2360,1,1,SS,SS,2360,LING,111,Intro to Language,LIN,LIN 111
10853,1,2360,1,14,SS,SS,2360,LING,111,Intro to Language,LIN,LIN 111
10853,1,2360,1,16,SS,SS,2360,LING,111,Intro to Language,LIN,LIN 111
10853,1,2360,1,15,SS,SS,2360,LING,111,Intro to Language,LIN,LIN 111
10853,1,2360,1,2,SS,SS,2360,LING,111,Intro to Language,LIN,LIN 111
10853,1,2360,1,100,SS,SS,2360,LING,111,Intro to Language,LIN,LIN 111
41204,1,2360,1,1,SS,SS,2360,LING,115,Lang Multicultural,LIN,LIN 115
47486,1,2360,1,1,SS,SS,2360,LING,193,SS Topics-Ling,LIN,LIN 193
14832,1,2360,1,1,SS,SS,2360,LING,210,Intro Ling Analys,LIN,LIN 210
14832,1,2360,1,2,SS,SS,2360,LING,210,Intro Ling Analys,LIN,LIN 210
14832,1,2360,1,4,SS,SS,2360,LING,210,Intro Ling Analys,LIN,LIN 210
14832,1,2360,1,3,SS,SS,2360,LING,210,Intro Ling Analys,LIN,LIN 210
11112,1,2360,1,1,SS,SS,2360,LING,313,Sound Patterns,LIN,LIN 313
8889,1,2360,1,1,SS,SS,2360,LING,352,Develop Language,LIN,LIN 352
5423,2,2360,1,6,SS,SS,2360,MEMS,210,Early Med Europe,MEM,MEM 210
5423,2,2360,1,5,SS,SS,2360,MEMS,210,Early Med Europe,MEM,MEM 210
5423,2,2360,1,4,SS,SS,2360,MEMS,210,Early Med Europe,MEM,MEM 210
5423,2,2360,1,1,SS,SS,2360,MEMS,210,Early Med Europe,MEM,MEM 210
5423,2,2360,1,3,SS,SS,2360,MEMS,210,Early Med Europe,MEM,MEM 210
5423,2,2360,1,2,SS,SS,2360,MEMS,210,Early Med Europe,MEM,MEM 210
18780,1,2360,1,1,SS,SS,2360,MIDEAST,356,Israeli Society,MIDEAS,MIDEAS 356
49375,2,2360,1,1,SS,SS,2360,MIDEAST,381,Anthro of Islam,MIDEAS,MIDEAS 381
5435,3,2360,1,1,SS,SS,2360,MIDEAST,389,Armenians in Turkey,MIDEAS,MIDEAS 389
5442,3,2360,1,1,SS,SS,2360,NATIVEAM,367,Amer Indian History,NATIVEA,NATIVEA 367
16010,2,2360,1,13,SS,SS,2360,NURS,220,Women's Hlth,NUR,NUR 220
16010,2,2360,1,15,SS,SS,2360,NURS,220,Women's Hlth,NUR,NUR 220
16010,2,2360,1,12,SS,SS,2360,NURS,220,Women's Hlth,NUR,NUR 220
16010,2,2360,1,9,SS,SS,2360,NURS,220,Women's Hlth,NUR,NUR 220
16010,2,2360,1,11,SS,SS,2360,NURS,220,Women's Hlth,NUR,NUR 220
16010,2,2360,1,10,SS,SS,2360,NURS,220,Women's Hlth,NUR,NUR 220
16010,2,2360,1,1,SS,SS,2360,NURS,220,Women's Hlth,NUR,NUR 220
16010,2,2360,1,2,SS,SS,2360,NURS,220,Women's Hlth,NUR,NUR 220
16010,2,2360,1,3,SS,SS,2360,NURS,220,Women's Hlth,NUR,NUR 220
16010,2,2360,1,4,SS,SS,2360,NURS,220,Women's Hlth,NUR,NUR 220
16010,2,2360,1,5,SS,SS,2360,NURS,220,Women's Hlth,NUR,NUR 220
16010,2,2360,1,6,SS,SS,2360,NURS,220,Women's Hlth,NUR,NUR 220
16010,2,2360,1,7,SS,SS,2360,NURS,220,Women's Hlth,NUR,NUR 220
16010,2,2360,1,16,SS,SS,2360,NURS,220,Women's Hlth,NUR,NUR 220
16010,2,2360,1,8,SS,SS,2360,NURS,220,Women's Hlth,NUR,NUR 220
16010,2,2360,1,14,SS,SS,2360,NURS,220,Women's Hlth,NUR,NUR 220
48202,1,2360,1,1,SS,SS,2360,ORGSTUDY,205,Psych of Inequality,ORGSTUD,ORGSTUD 205
48755,1,2360,1,1,SS,SS,2360,ORGSTUDY,295,SS Topics OrgStudies,ORGSTUD,ORGSTUD 295
1847,1,2360,1,15,SS,SS,2360,POLSCI,101,Intro Pol Thry,POLSC,POLSC 101
1847,1,2360,1,9,SS,SS,2360,POLSCI,101,Intro Pol Thry,POLSC,POLSC 101
1847,1,2360,1,10,SS,SS,2360,POLSCI,101,Intro Pol Thry,POLSC,POLSC 101
1847,1,2360,1,5,SS,SS,2360,POLSCI,101,Intro Pol Thry,POLSC,POLSC 101
1847,1,2360,1,11,SS,SS,2360,POLSCI,101,Intro Pol Thry,POLSC,POLSC 101
1847,1,2360,1,14,SS,SS,2360,POLSCI,101,Intro Pol Thry,POLSC,POLSC 101
1847,1,2360,1,13,SS,SS,2360,POLSCI,101,Intro Pol Thry,POLSC,POLSC 101
1847,1,2360,1,12,SS,SS,2360,POLSCI,101,Intro Pol Thry,POLSC,POLSC 101
1847,1,2360,1,8,SS,SS,2360,POLSCI,101,Intro Pol Thry,POLSC,POLSC 101
1847,1,2360,1,4,SS,SS,2360,POLSCI,101,Intro Pol Thry,POLSC,POLSC 101
1847,1,2360,1,3,SS,SS,2360,POLSCI,101,Intro Pol Thry,POLSC,POLSC 101
1847,1,2360,1,2,SS,SS,2360,POLSCI,101,Intro Pol Thry,POLSC,POLSC 101
1847,1,2360,1,1,SS,SS,2360,POLSCI,101,Intro Pol Thry,POLSC,POLSC 101
1847,1,2360,1,7,SS,SS,2360,POLSCI,101,Intro Pol Thry,POLSC,POLSC 101
1847,1,2360,1,6,SS,SS,2360,POLSCI,101,Intro Pol Thry,POLSC,POLSC 101
1847,1,2360,1,16,SS,SS,2360,POLSCI,101,Intro Pol Thry,POLSC,POLSC 101
5945,1,2360,1,16,SS,SS,2360,POLSCI,111,Intro Amer Pol,POLSC,POLSC 111
5945,1,2360,1,1,SS,SS,2360,POLSCI,111,Intro Amer Pol,POLSC,POLSC 111
5945,1,2360,1,2,SS,SS,2360,POLSCI,111,Intro Amer Pol,POLSC,POLSC 111
5945,1,2360,1,3,SS,SS,2360,POLSCI,111,Intro Amer Pol,POLSC,POLSC 111
5945,1,2360,1,12,SS,SS,2360,POLSCI,111,Intro Amer Pol,POLSC,POLSC 111
5945,1,2360,1,14,SS,SS,2360,POLSCI,111,Intro Amer Pol,POLSC,POLSC 111
5945,1,2360,1,15,SS,SS,2360,POLSCI,111,Intro Amer Pol,POLSC,POLSC 111
5945,1,2360,1,7,SS,SS,2360,POLSCI,111,Intro Amer Pol,POLSC,POLSC 111
5945,1,2360,1,4,SS,SS,2360,POLSCI,111,Intro Amer Pol,POLSC,POLSC 111
5945,1,2360,1,6,SS,SS,2360,POLSCI,111,Intro Amer Pol,POLSC,POLSC 111
5945,1,2360,1,5,SS,SS,2360,POLSCI,111,Intro Amer Pol,POLSC,POLSC 111
5945,1,2360,1,13,SS,SS,2360,POLSCI,111,Intro Amer Pol,POLSC,POLSC 111
5945,1,2360,1,10,SS,SS,2360,POLSCI,111,Intro Amer Pol,POLSC,POLSC 111
5945,1,2360,1,8,SS,SS,2360,POLSCI,111,Intro Amer Pol,POLSC,POLSC 111
5945,1,2360,1,9,SS,SS,2360,POLSCI,111,Intro Amer Pol,POLSC,POLSC 111
5945,1,2360,1,11,SS,SS,2360,POLSCI,111,Intro Amer Pol,POLSC,POLSC 111
5946,1,2360,1,5,SS,SS,2360,POLSCI,140,Int Compar Pol,POLSC,POLSC 140
5946,1,2360,1,8,SS,SS,2360,POLSCI,140,Int Compar Pol,POLSC,POLSC 140
5946,1,2360,1,1,SS,SS,2360,POLSCI,140,Int Compar Pol,POLSC,POLSC 140
5946,1,2360,1,2,SS,SS,2360,POLSCI,140,Int Compar Pol,POLSC,POLSC 140
5946,1,2360,1,3,SS,SS,2360,POLSCI,140,Int Compar Pol,POLSC,POLSC 140
5946,1,2360,1,4,SS,SS,2360,POLSCI,140,Int Compar Pol,POLSC,POLSC 140
5946,1,2360,1,13,SS,SS,2360,POLSCI,140,Int Compar Pol,POLSC,POLSC 140
5946,1,2360,1,15,SS,SS,2360,POLSCI,140,Int Compar Pol,POLSC,POLSC 140
5946,1,2360,1,9,SS,SS,2360,POLSCI,140,Int Compar Pol,POLSC,POLSC 140
5946,1,2360,1,14,SS,SS,2360,POLSCI,140,Int Compar Pol,POLSC,POLSC 140
5946,1,2360,1,11,SS,SS,2360,POLSCI,140,Int Compar Pol,POLSC,POLSC 140
5946,1,2360,1,12,SS,SS,2360,POLSCI,140,Int Compar Pol,POLSC,POLSC 140
5946,1,2360,1,6,SS,SS,2360,POLSCI,140,Int Compar Pol,POLSC,POLSC 140
5946,1,2360,1,7,SS,SS,2360,POLSCI,140,Int Compar Pol,POLSC,POLSC 140
5946,1,2360,1,10,SS,SS,2360,POLSCI,140,Int Compar Pol,POLSC,POLSC 140
1848,1,2360,1,16,SS,SS,2360,POLSCI,160,Intr World Pol,POLSC,POLSC 160
1848,1,2360,1,5,SS,SS,2360,POLSCI,160,Intr World Pol,POLSC,POLSC 160
1848,1,2360,1,6,SS,SS,2360,POLSCI,160,Intr World Pol,POLSC,POLSC 160
1848,1,2360,1,11,SS,SS,2360,POLSCI,160,Intr World Pol,POLSC,POLSC 160
1848,1,2360,1,9,SS,SS,2360,POLSCI,160,Intr World Pol,POLSC,POLSC 160
1848,1,2360,1,7,SS,SS,2360,POLSCI,160,Intr World Pol,POLSC,POLSC 160
1848,1,2360,1,1,SS,SS,2360,POLSCI,160,Intr World Pol,POLSC,POLSC 160
1848,1,2360,1,2,SS,SS,2360,POLSCI,160,Intr World Pol,POLSC,POLSC 160
1848,1,2360,1,3,SS,SS,2360,POLSCI,160,Intr World Pol,POLSC,POLSC 160
1848,1,2360,1,13,SS,SS,2360,POLSCI,160,Intr World Pol,POLSC,POLSC 160
1848,1,2360,1,8,SS,SS,2360,POLSCI,160,Intr World Pol,POLSC,POLSC 160
1848,1,2360,1,14,SS,SS,2360,POLSCI,160,Intr World Pol,POLSC,POLSC 160
1848,1,2360,1,4,SS,SS,2360,POLSCI,160,Intr World Pol,POLSC,POLSC 160
18601,1,2360,1,1,SS,SS,2360,POLSCI,190,First-Year Sem,POLSC,POLSC 190
46691,1,2360,1,4,SS,SS,2360,POLSCI,300,Quant Emp Mthd PolSc,POLSC,POLSC 300
46691,1,2360,1,2,SS,SS,2360,POLSCI,300,Quant Emp Mthd PolSc,POLSC,POLSC 300
46691,1,2360,1,1,SS,SS,2360,POLSCI,300,Quant Emp Mthd PolSc,POLSC,POLSC 300
46691,1,2360,1,5,SS,SS,2360,POLSCI,300,Quant Emp Mthd PolSc,POLSC,POLSC 300
46691,1,2360,1,3,SS,SS,2360,POLSCI,300,Quant Emp Mthd PolSc,POLSC,POLSC 300
15988,1,2360,1,3,SS,SS,2360,POLSCI,306,Amer Pol Thot: Early,POLSC,POLSC 306
15988,1,2360,1,1,SS,SS,2360,POLSCI,306,Amer Pol Thot: Early,POLSC,POLSC 306
15988,1,2360,1,2,SS,SS,2360,POLSCI,306,Amer Pol Thot: Early,POLSC,POLSC 306
15988,1,2360,1,4,SS,SS,2360,POLSCI,306,Amer Pol Thot: Early,POLSC,POLSC 306
38971,1,2360,1,3,SS,SS,2360,POLSCI,315,Media&Public Opinion,POLSC,POLSC 315
38971,1,2360,1,2,SS,SS,2360,POLSCI,315,Media&Public Opinion,POLSC,POLSC 315
38971,1,2360,1,4,SS,SS,2360,POLSCI,315,Media&Public Opinion,POLSC,POLSC 315
38971,1,2360,1,1,SS,SS,2360,POLSCI,315,Media&Public Opinion,POLSC,POLSC 315
41726,2,2360,1,3,SS,SS,2360,POLSCI,325,Systematic Thinking,POLSC,POLSC 325
41726,2,2360,1,4,SS,SS,2360,POLSCI,325,Systematic Thinking,POLSC,POLSC 325
41726,2,2360,1,7,SS,SS,2360,POLSCI,325,Systematic Thinking,POLSC,POLSC 325
41726,2,2360,1,5,SS,SS,2360,POLSCI,325,Systematic Thinking,POLSC,POLSC 325
41726,2,2360,1,2,SS,SS,2360,POLSCI,325,Systematic Thinking,POLSC,POLSC 325
41726,2,2360,1,1,SS,SS,2360,POLSCI,325,Systematic Thinking,POLSC,POLSC 325
41726,2,2360,1,6,SS,SS,2360,POLSCI,325,Systematic Thinking,POLSC,POLSC 325
8119,2,2360,1,4,SS,SS,2360,POLSCI,329,Media&Polit Behav,POLSC,POLSC 329
8119,2,2360,1,3,SS,SS,2360,POLSCI,329,Media&Polit Behav,POLSC,POLSC 329
8119,2,2360,1,1,SS,SS,2360,POLSCI,329,Media&Polit Behav,POLSC,POLSC 329
8119,2,2360,1,2,SS,SS,2360,POLSCI,329,Media&Polit Behav,POLSC,POLSC 329
48212,1,2360,1,3,SS,SS,2360,POLSCI,352,How to be anAutocrat,POLSC,POLSC 352
48212,1,2360,1,4,SS,SS,2360,POLSCI,352,How to be anAutocrat,POLSC,POLSC 352
48212,1,2360,1,2,SS,SS,2360,POLSCI,352,How to be anAutocrat,POLSC,POLSC 352
46949,1,2360,1,1,SS,SS,2360,POLSCI,368,Modern Warfare,POLSC,POLSC 368
46949,1,2360,1,7,SS,SS,2360,POLSCI,368,Modern Warfare,POLSC,POLSC 368
46949,1,2360,1,6,SS,SS,2360,POLSCI,368,Modern Warfare,POLSC,POLSC 368
46949,1,2360,1,5,SS,SS,2360,POLSCI,368,Modern Warfare,POLSC,POLSC 368
46949,1,2360,1,2,SS,SS,2360,POLSCI,368,Modern Warfare,POLSC,POLSC 368
46949,1,2360,1,4,SS,SS,2360,POLSCI,368,Modern Warfare,POLSC,POLSC 368
46949,1,2360,1,3,SS,SS,2360,POLSCI,368,Modern Warfare,POLSC,POLSC 368
42992,1,2360,1,1,SS,SS,2360,POLSCI,381,Pol Science Research,POLSC,POLSC 381
14850,3,2360,1,11,SS,SS,2360,POLSCI,386,"Sports, Pol, Society",POLSC,POLSC 386
14850,3,2360,1,7,SS,SS,2360,POLSCI,386,"Sports, Pol, Society",POLSC,POLSC 386
14850,3,2360,1,3,SS,SS,2360,POLSCI,386,"Sports, Pol, Society",POLSC,POLSC 386
14850,3,2360,1,12,SS,SS,2360,POLSCI,386,"Sports, Pol, Society",POLSC,POLSC 386
14850,3,2360,1,4,SS,SS,2360,POLSCI,386,"Sports, Pol, Society",POLSC,POLSC 386
14850,3,2360,1,5,SS,SS,2360,POLSCI,386,"Sports, Pol, Society",POLSC,POLSC 386
14850,3,2360,1,8,SS,SS,2360,POLSCI,386,"Sports, Pol, Society",POLSC,POLSC 386
14850,3,2360,1,2,SS,SS,2360,POLSCI,386,"Sports, Pol, Society",POLSC,POLSC 386
14850,3,2360,1,1,SS,SS,2360,POLSCI,386,"Sports, Pol, Society",POLSC,POLSC 386
14850,3,2360,1,10,SS,SS,2360,POLSCI,386,"Sports, Pol, Society",POLSC,POLSC 386
14850,3,2360,1,9,SS,SS,2360,POLSCI,386,"Sports, Pol, Society",POLSC,POLSC 386
5989,1,2360,1,20,SS,SS,2360,POLSCI,389,Topics,POLSC,POLSC 389
5989,1,2360,1,19,SS,SS,2360,POLSCI,389,Topics,POLSC,POLSC 389
5989,1,2360,1,4,SS,SS,2360,POLSCI,389,Topics,POLSC,POLSC 389
5989,1,2360,1,6,SS,SS,2360,POLSCI,389,Topics,POLSC,POLSC 389
5989,1,2360,1,18,SS,SS,2360,POLSCI,389,Topics,POLSC,POLSC 389
5989,1,2360,1,16,SS,SS,2360,POLSCI,389,Topics,POLSC,POLSC 389
5989,1,2360,1,5,SS,SS,2360,POLSCI,389,Topics,POLSC,POLSC 389
5989,1,2360,1,17,SS,SS,2360,POLSCI,389,Topics,POLSC,POLSC 389
5989,1,2360,1,2,SS,SS,2360,POLSCI,389,Topics,POLSC,POLSC 389
5989,1,2360,1,15,SS,SS,2360,POLSCI,389,Topics,POLSC,POLSC 389
5989,1,2360,1,7,SS,SS,2360,POLSCI,389,Topics,POLSC,POLSC 389
5989,1,2360,1,8,SS,SS,2360,POLSCI,389,Topics,POLSC,POLSC 389
5989,1,2360,1,11,SS,SS,2360,POLSCI,389,Topics,POLSC,POLSC 389
5989,1,2360,1,12,SS,SS,2360,POLSCI,389,Topics,POLSC,POLSC 389
5989,1,2360,1,14,SS,SS,2360,POLSCI,389,Topics,POLSC,POLSC 389
5989,1,2360,1,13,SS,SS,2360,POLSCI,389,Topics,POLSC,POLSC 389
10093,2,2360,1,2,SS,SS,2360,POLSCI,395,Russ&Sov Un,POLSC,POLSC 395
10093,2,2360,1,1,SS,SS,2360,POLSCI,395,Russ&Sov Un,POLSC,POLSC 395
10093,2,2360,1,5,SS,SS,2360,POLSCI,395,Russ&Sov Un,POLSC,POLSC 395
10093,2,2360,1,4,SS,SS,2360,POLSCI,395,Russ&Sov Un,POLSC,POLSC 395
10093,2,2360,1,3,SS,SS,2360,POLSCI,395,Russ&Sov Un,POLSC,POLSC 395
6038,1,2360,1,3,SS,SS,2360,PSYCH,111,Intro Psych,PSYC,PSYC 111
6038,1,2360,1,8,SS,SS,2360,PSYCH,111,Intro Psych,PSYC,PSYC 111
6038,1,2360,1,5,SS,SS,2360,PSYCH,111,Intro Psych,PSYC,PSYC 111
6038,1,2360,1,39,SS,SS,2360,PSYCH,111,Intro Psych,PSYC,PSYC 111
6038,1,2360,1,40,SS,SS,2360,PSYCH,111,Intro Psych,PSYC,PSYC 111
6038,1,2360,1,30,SS,SS,2360,PSYCH,111,Intro Psych,PSYC,PSYC 111
6038,1,2360,1,42,SS,SS,2360,PSYCH,111,Intro Psych,PSYC,PSYC 111
6038,1,2360,1,41,SS,SS,2360,PSYCH,111,Intro Psych,PSYC,PSYC 111
6038,1,2360,1,60,SS,SS,2360,PSYCH,111,Intro Psych,PSYC,PSYC 111
6038,1,2360,1,7,SS,SS,2360,PSYCH,111,Intro Psych,PSYC,PSYC 111
6038,1,2360,1,1,SS,SS,2360,PSYCH,111,Intro Psych,PSYC,PSYC 111
6038,1,2360,1,4,SS,SS,2360,PSYCH,111,Intro Psych,PSYC,PSYC 111
6038,1,2360,1,38,SS,SS,2360,PSYCH,111,Intro Psych,PSYC,PSYC 111
6038,1,2360,1,6,SS,SS,2360,PSYCH,111,Intro Psych,PSYC,PSYC 111
6038,1,2360,1,33,SS,SS,2360,PSYCH,111,Intro Psych,PSYC,PSYC 111
6038,1,2360,1,34,SS,SS,2360,PSYCH,111,Intro Psych,PSYC,PSYC 111
6038,1,2360,1,2,SS,SS,2360,PSYCH,111,Intro Psych,PSYC,PSYC 111
6038,1,2360,1,32,SS,SS,2360,PSYCH,111,Intro Psych,PSYC,PSYC 111
6038,1,2360,1,31,SS,SS,2360,PSYCH,111,Intro Psych,PSYC,PSYC 111
6038,1,2360,1,9,SS,SS,2360,PSYCH,111,Intro Psych,PSYC,PSYC 111
6038,1,2360,1,13,SS,SS,2360,PSYCH,111,Intro Psych,PSYC,PSYC 111
6038,1,2360,1,10,SS,SS,2360,PSYCH,111,Intro Psych,PSYC,PSYC 111
6038,1,2360,1,11,SS,SS,2360,PSYCH,111,Intro Psych,PSYC,PSYC 111
6038,1,2360,1,12,SS,SS,2360,PSYCH,111,Intro Psych,PSYC,PSYC 111
6038,1,2360,1,61,SS,SS,2360,PSYCH,111,Intro Psych,PSYC,PSYC 111
6038,1,2360,1,35,SS,SS,2360,PSYCH,111,Intro Psych,PSYC,PSYC 111
6038,1,2360,1,36,SS,SS,2360,PSYCH,111,Intro Psych,PSYC,PSYC 111
6038,1,2360,1,37,SS,SS,2360,PSYCH,111,Intro Psych,PSYC,PSYC 111
6039,1,2360,1,1,SS,SS,2360,PSYCH,114,Honors Intro Psy,PSYC,PSYC 114
18606,1,2360,1,2,SS,SS,2360,PSYCH,120,Psych Sem-Soc Sci,PSYC,PSYC 120
18606,1,2360,1,4,SS,SS,2360,PSYCH,120,Psych Sem-Soc Sci,PSYC,PSYC 120
18606,1,2360,1,10,SS,SS,2360,PSYCH,120,Psych Sem-Soc Sci,PSYC,PSYC 120
18606,1,2360,1,5,SS,SS,2360,PSYCH,120,Psych Sem-Soc Sci,PSYC,PSYC 120
18606,1,2360,1,6,SS,SS,2360,PSYCH,120,Psych Sem-Soc Sci,PSYC,PSYC 120
18606,1,2360,1,1,SS,SS,2360,PSYCH,120,Psych Sem-Soc Sci,PSYC,PSYC 120
18606,1,2360,1,11,SS,SS,2360,PSYCH,120,Psych Sem-Soc Sci,PSYC,PSYC 120
18606,1,2360,1,7,SS,SS,2360,PSYCH,120,Psych Sem-Soc Sci,PSYC,PSYC 120
18606,1,2360,1,3,SS,SS,2360,PSYCH,120,Psych Sem-Soc Sci,PSYC,PSYC 120
42942,3,2360,1,2,SS,SS,2360,PSYCH,213,Foundations IGR,PSYC,PSYC 213
42942,3,2360,1,3,SS,SS,2360,PSYCH,213,Foundations IGR,PSYC,PSYC 213
42942,3,2360,1,1,SS,SS,2360,PSYCH,213,Foundations IGR,PSYC,PSYC 213
42942,3,2360,1,4,SS,SS,2360,PSYCH,213,Foundations IGR,PSYC,PSYC 213
41926,1,2360,1,1,SS,SS,2360,PSYCH,218,Soph Sem Psych/SS,PSYC,PSYC 218
6069,1,2360,1,8,SS,SS,2360,PSYCH,250,Intro Dev Psych,PSYC,PSYC 250
6069,1,2360,1,5,SS,SS,2360,PSYCH,250,Intro Dev Psych,PSYC,PSYC 250
6069,1,2360,1,9,SS,SS,2360,PSYCH,250,Intro Dev Psych,PSYC,PSYC 250
6069,1,2360,1,10,SS,SS,2360,PSYCH,250,Intro Dev Psych,PSYC,PSYC 250
6069,1,2360,1,1,SS,SS,2360,PSYCH,250,Intro Dev Psych,PSYC,PSYC 250
6069,1,2360,1,12,SS,SS,2360,PSYCH,250,Intro Dev Psych,PSYC,PSYC 250
6069,1,2360,1,11,SS,SS,2360,PSYCH,250,Intro Dev Psych,PSYC,PSYC 250
6069,1,2360,1,7,SS,SS,2360,PSYCH,250,Intro Dev Psych,PSYC,PSYC 250
6069,1,2360,1,6,SS,SS,2360,PSYCH,250,Intro Dev Psych,PSYC,PSYC 250
6069,1,2360,1,2,SS,SS,2360,PSYCH,250,Intro Dev Psych,PSYC,PSYC 250
6069,1,2360,1,3,SS,SS,2360,PSYCH,250,Intro Dev Psych,PSYC,PSYC 250
6069,1,2360,1,13,SS,SS,2360,PSYCH,250,Intro Dev Psych,PSYC,PSYC 250
6069,1,2360,1,4,SS,SS,2360,PSYCH,250,Intro Dev Psych,PSYC,PSYC 250
17658,1,2360,1,13,SS,SS,2360,PSYCH,270,Abnormal Psychology,PSYC,PSYC 270
17658,1,2360,1,8,SS,SS,2360,PSYCH,270,Abnormal Psychology,PSYC,PSYC 270
17658,1,2360,1,4,SS,SS,2360,PSYCH,270,Abnormal Psychology,PSYC,PSYC 270
17658,1,2360,1,3,SS,SS,2360,PSYCH,270,Abnormal Psychology,PSYC,PSYC 270
17658,1,2360,1,6,SS,SS,2360,PSYCH,270,Abnormal Psychology,PSYC,PSYC 270
17658,1,2360,1,12,SS,SS,2360,PSYCH,270,Abnormal Psychology,PSYC,PSYC 270
17658,1,2360,1,7,SS,SS,2360,PSYCH,270,Abnormal Psychology,PSYC,PSYC 270
17658,1,2360,1,9,SS,SS,2360,PSYCH,270,Abnormal Psychology,PSYC,PSYC 270
17658,1,2360,1,11,SS,SS,2360,PSYCH,270,Abnormal Psychology,PSYC,PSYC 270
17658,1,2360,1,1,SS,SS,2360,PSYCH,270,Abnormal Psychology,PSYC,PSYC 270
17658,1,2360,1,2,SS,SS,2360,PSYCH,270,Abnormal Psychology,PSYC,PSYC 270
17658,1,2360,1,10,SS,SS,2360,PSYCH,270,Abnormal Psychology,PSYC,PSYC 270
17658,1,2360,1,5,SS,SS,2360,PSYCH,270,Abnormal Psychology,PSYC,PSYC 270
9769,1,2360,1,7,SS,SS,2360,PSYCH,280,Intro Social Psych,PSYC,PSYC 280
9769,1,2360,1,10,SS,SS,2360,PSYCH,280,Intro Social Psych,PSYC,PSYC 280
9769,1,2360,1,12,SS,SS,2360,PSYCH,280,Intro Social Psych,PSYC,PSYC 280
9769,1,2360,1,1,SS,SS,2360,PSYCH,280,Intro Social Psych,PSYC,PSYC 280
9769,1,2360,1,5,SS,SS,2360,PSYCH,280,Intro Social Psych,PSYC,PSYC 280
9769,1,2360,1,2,SS,SS,2360,PSYCH,280,Intro Social Psych,PSYC,PSYC 280
9769,1,2360,1,3,SS,SS,2360,PSYCH,280,Intro Social Psych,PSYC,PSYC 280
9769,1,2360,1,4,SS,SS,2360,PSYCH,280,Intro Social Psych,PSYC,PSYC 280
9769,1,2360,1,13,SS,SS,2360,PSYCH,280,Intro Social Psych,PSYC,PSYC 280
9769,1,2360,1,8,SS,SS,2360,PSYCH,280,Intro Social Psych,PSYC,PSYC 280
9769,1,2360,1,9,SS,SS,2360,PSYCH,280,Intro Social Psych,PSYC,PSYC 280
9769,1,2360,1,6,SS,SS,2360,PSYCH,280,Intro Social Psych,PSYC,PSYC 280
9769,1,2360,1,11,SS,SS,2360,PSYCH,280,Intro Social Psych,PSYC,PSYC 280
6067,1,2360,1,4,SS,SS,2360,PSYCH,290,Intro Psych Persn,PSYC,PSYC 290
6067,1,2360,1,2,SS,SS,2360,PSYCH,290,Intro Psych Persn,PSYC,PSYC 290
6067,1,2360,1,3,SS,SS,2360,PSYCH,290,Intro Psych Persn,PSYC,PSYC 290
6067,1,2360,1,1,SS,SS,2360,PSYCH,290,Intro Psych Persn,PSYC,PSYC 290
6067,1,2360,1,5,SS,SS,2360,PSYCH,290,Intro Psych Persn,PSYC,PSYC 290
6067,1,2360,1,6,SS,SS,2360,PSYCH,290,Intro Psych Persn,PSYC,PSYC 290
6067,1,2360,1,8,SS,SS,2360,PSYCH,290,Intro Psych Persn,PSYC,PSYC 290
6067,1,2360,1,10,SS,SS,2360,PSYCH,290,Intro Psych Persn,PSYC,PSYC 290
6067,1,2360,1,7,SS,SS,2360,PSYCH,290,Intro Psych Persn,PSYC,PSYC 290
6067,1,2360,1,9,SS,SS,2360,PSYCH,290,Intro Psych Persn,PSYC,PSYC 290
42259,1,2360,1,1,SS,SS,2360,PSYCH,314,Positive Psychology,PSYC,PSYC 314
8889,2,2360,1,1,SS,SS,2360,PSYCH,352,Develop Language,PSYC,PSYC 352
1876,1,2360,1,1,SS,SS,2360,PSYCH,353,Social Development,PSYC,PSYC 353
41206,1,2360,1,5,SS,SS,2360,PSYCH,356,Educational Psych,PSYC,PSYC 356
41206,1,2360,1,2,SS,SS,2360,PSYCH,356,Educational Psych,PSYC,PSYC 356
41206,1,2360,1,7,SS,SS,2360,PSYCH,356,Educational Psych,PSYC,PSYC 356
41206,1,2360,1,1,SS,SS,2360,PSYCH,356,Educational Psych,PSYC,PSYC 356
41206,1,2360,1,3,SS,SS,2360,PSYCH,356,Educational Psych,PSYC,PSYC 356
41206,1,2360,1,4,SS,SS,2360,PSYCH,356,Educational Psych,PSYC,PSYC 356
41206,1,2360,1,6,SS,SS,2360,PSYCH,356,Educational Psych,PSYC,PSYC 356
19381,3,2360,1,1,SS,SS,2360,PSYCH,360,Behavior&Environment,PSYC,PSYC 360
19381,3,2360,1,4,SS,SS,2360,PSYCH,360,Behavior&Environment,PSYC,PSYC 360
19381,3,2360,1,3,SS,SS,2360,PSYCH,360,Behavior&Environment,PSYC,PSYC 360
19381,3,2360,1,7,SS,SS,2360,PSYCH,360,Behavior&Environment,PSYC,PSYC 360
19381,3,2360,1,6,SS,SS,2360,PSYCH,360,Behavior&Environment,PSYC,PSYC 360
19381,3,2360,1,2,SS,SS,2360,PSYCH,360,Behavior&Environment,PSYC,PSYC 360
19381,3,2360,1,5,SS,SS,2360,PSYCH,360,Behavior&Environment,PSYC,PSYC 360
47520,1,2360,1,3,SS,SS,2360,PSYCH,380,Topics Social Psych,PSYC,PSYC 380
47520,1,2360,1,1,SS,SS,2360,PSYCH,380,Topics Social Psych,PSYC,PSYC 380
47520,1,2360,1,2,SS,SS,2360,PSYCH,380,Topics Social Psych,PSYC,PSYC 380
47520,1,2360,1,4,SS,SS,2360,PSYCH,380,Topics Social Psych,PSYC,PSYC 380
17653,1,2360,1,2,SS,SS,2360,PSYCH,395,Org Psych,PSYC,PSYC 395
17653,1,2360,1,7,SS,SS,2360,PSYCH,395,Org Psych,PSYC,PSYC 395
17653,1,2360,1,5,SS,SS,2360,PSYCH,395,Org Psych,PSYC,PSYC 395
17653,1,2360,1,1,SS,SS,2360,PSYCH,395,Org Psych,PSYC,PSYC 395
17653,1,2360,1,6,SS,SS,2360,PSYCH,395,Org Psych,PSYC,PSYC 395
17653,1,2360,1,3,SS,SS,2360,PSYCH,395,Org Psych,PSYC,PSYC 395
17653,1,2360,1,4,SS,SS,2360,PSYCH,395,Org Psych,PSYC,PSYC 395
41726,1,2360,1,5,SS,SS,2360,PUBPOL,201,Systematic Thinking,PUBPO,PUBPO 201
41726,1,2360,1,6,SS,SS,2360,PUBPOL,201,Systematic Thinking,PUBPO,PUBPO 201
41726,1,2360,1,3,SS,SS,2360,PUBPOL,201,Systematic Thinking,PUBPO,PUBPO 201
41726,1,2360,1,7,SS,SS,2360,PUBPOL,201,Systematic Thinking,PUBPO,PUBPO 201
41726,1,2360,1,2,SS,SS,2360,PUBPOL,201,Systematic Thinking,PUBPO,PUBPO 201
41726,1,2360,1,4,SS,SS,2360,PUBPOL,201,Systematic Thinking,PUBPO,PUBPO 201
41726,1,2360,1,1,SS,SS,2360,PUBPOL,201,Systematic Thinking,PUBPO,PUBPO 201
6233,2,2360,1,1,SS,SS,2360,RCSSCI,220,Politicl Econ,RCSSC,RCSSC 220
49741,1,2360,1,1,SS,SS,2360,RCSSCI,250,Topics in STP,RCSSC,RCSSC 250
49741,1,2360,1,2,SS,SS,2360,RCSSCI,250,Topics in STP,RCSSC,RCSSC 250
49741,1,2360,1,3,SS,SS,2360,RCSSCI,250,Topics in STP,RCSSC,RCSSC 250
20742,1,2360,1,1,SS,SS,2360,RCSSCI,301,Soc Sci Thr I,RCSSC,RCSSC 301
49685,1,2360,1,1,SS,SS,2360,RCSSCI,316,Law & Social Policy,RCSSC,RCSSC 316
42968,2,2360,1,4,SS,SS,2360,RCSSCI,327,Medicine & Healing,RCSSC,RCSSC 327
42968,2,2360,1,3,SS,SS,2360,RCSSCI,327,Medicine & Healing,RCSSC,RCSSC 327
42968,2,2360,1,2,SS,SS,2360,RCSSCI,327,Medicine & Healing,RCSSC,RCSSC 327
42968,2,2360,1,1,SS,SS,2360,RCSSCI,327,Medicine & Healing,RCSSC,RCSSC 327
42968,2,2360,1,5,SS,SS,2360,RCSSCI,327,Medicine & Healing,RCSSC,RCSSC 327
16517,1,2360,1,1,SS,SS,2360,RCSSCI,357,Hist&Thry Punishment,RCSSC,RCSSC 357
7114,1,2360,1,4,SS,SS,2360,RCSSCI,360,Soc Sc Jr Sem,RCSSC,RCSSC 360
7114,1,2360,1,3,SS,SS,2360,RCSSCI,360,Soc Sc Jr Sem,RCSSC,RCSSC 360
7114,1,2360,1,5,SS,SS,2360,RCSSCI,360,Soc Sc Jr Sem,RCSSC,RCSSC 360
7114,1,2360,1,2,SS,SS,2360,RCSSCI,360,Soc Sc Jr Sem,RCSSC,RCSSC 360
7114,1,2360,1,6,SS,SS,2360,RCSSCI,360,Soc Sc Jr Sem,RCSSC,RCSSC 360
7114,1,2360,1,1,SS,SS,2360,RCSSCI,360,Soc Sc Jr Sem,RCSSC,RCSSC 360
39915,1,2360,1,1,SS,SS,2360,RCSSCI,365,Politics of Educ,RCSSC,RCSSC 365
44556,2,2360,1,1,SS,SS,2360,RCSSCI,371,Nat Disasters E Asia,RCSSC,RCSSC 371
10093,3,2360,1,2,SS,SS,2360,REEES,395,Russ&Sov Un,REEE,REEE 395
10093,3,2360,1,3,SS,SS,2360,REEES,395,Russ&Sov Un,REEE,REEE 395
10093,3,2360,1,5,SS,SS,2360,REEES,395,Russ&Sov Un,REEE,REEE 395
10093,3,2360,1,1,SS,SS,2360,REEES,395,Russ&Sov Un,REEE,REEE 395
10093,3,2360,1,4,SS,SS,2360,REEES,395,Russ&Sov Un,REEE,REEE 395
39230,1,2360,1,7,SS,SS,2360,SI,110,Intr to Info Studies,S,S 110
39230,1,2360,1,11,SS,SS,2360,SI,110,Intr to Info Studies,S,S 110
39230,1,2360,1,1,SS,SS,2360,SI,110,Intr to Info Studies,S,S 110
39230,1,2360,1,8,SS,SS,2360,SI,110,Intr to Info Studies,S,S 110
39230,1,2360,1,5,SS,SS,2360,SI,110,Intr to Info Studies,S,S 110
39230,1,2360,1,3,SS,SS,2360,SI,110,Intr to Info Studies,S,S 110
39230,1,2360,1,4,SS,SS,2360,SI,110,Intr to Info Studies,S,S 110
39230,1,2360,1,2,SS,SS,2360,SI,110,Intr to Info Studies,S,S 110
39230,1,2360,1,6,SS,SS,2360,SI,110,Intr to Info Studies,S,S 110
39230,1,2360,1,10,SS,SS,2360,SI,110,Intr to Info Studies,S,S 110
39230,1,2360,1,9,SS,SS,2360,SI,110,Intr to Info Studies,S,S 110
39230,1,2360,1,12,SS,SS,2360,SI,110,Intr to Info Studies,S,S 110
10093,4,2360,1,2,SS,SS,2360,SLAVIC,395,Russ&Sov Un,SLAVI,SLAVI 395
10093,4,2360,1,4,SS,SS,2360,SLAVIC,395,Russ&Sov Un,SLAVI,SLAVI 395
10093,4,2360,1,3,SS,SS,2360,SLAVIC,395,Russ&Sov Un,SLAVI,SLAVI 395
10093,4,2360,1,1,SS,SS,2360,SLAVIC,395,Russ&Sov Un,SLAVI,SLAVI 395
10093,4,2360,1,5,SS,SS,2360,SLAVIC,395,Russ&Sov Un,SLAVI,SLAVI 395
1923,1,2360,1,13,SS,SS,2360,SOC,100,Intro to Sociology,SO,SO 100
1923,1,2360,1,29,SS,SS,2360,SOC,100,Intro to Sociology,SO,SO 100
1923,1,2360,1,11,SS,SS,2360,SOC,100,Intro to Sociology,SO,SO 100
1923,1,2360,1,27,SS,SS,2360,SOC,100,Intro to Sociology,SO,SO 100
1923,1,2360,1,6,SS,SS,2360,SOC,100,Intro to Sociology,SO,SO 100
1923,1,2360,1,26,SS,SS,2360,SOC,100,Intro to Sociology,SO,SO 100
1923,1,2360,1,25,SS,SS,2360,SOC,100,Intro to Sociology,SO,SO 100
1923,1,2360,1,24,SS,SS,2360,SOC,100,Intro to Sociology,SO,SO 100
1923,1,2360,1,23,SS,SS,2360,SOC,100,Intro to Sociology,SO,SO 100
1923,1,2360,1,22,SS,SS,2360,SOC,100,Intro to Sociology,SO,SO 100
1923,1,2360,1,21,SS,SS,2360,SOC,100,Intro to Sociology,SO,SO 100
1923,1,2360,1,20,SS,SS,2360,SOC,100,Intro to Sociology,SO,SO 100
1923,1,2360,1,28,SS,SS,2360,SOC,100,Intro to Sociology,SO,SO 100
1923,1,2360,1,5,SS,SS,2360,SOC,100,Intro to Sociology,SO,SO 100
1923,1,2360,1,30,SS,SS,2360,SOC,100,Intro to Sociology,SO,SO 100
1923,1,2360,1,3,SS,SS,2360,SOC,100,Intro to Sociology,SO,SO 100
1923,1,2360,1,8,SS,SS,2360,SOC,100,Intro to Sociology,SO,SO 100
1923,1,2360,1,9,SS,SS,2360,SOC,100,Intro to Sociology,SO,SO 100
1923,1,2360,1,7,SS,SS,2360,SOC,100,Intro to Sociology,SO,SO 100
1923,1,2360,1,10,SS,SS,2360,SOC,100,Intro to Sociology,SO,SO 100
1923,1,2360,1,4,SS,SS,2360,SOC,100,Intro to Sociology,SO,SO 100
1923,1,2360,1,31,SS,SS,2360,SOC,100,Intro to Sociology,SO,SO 100
1923,1,2360,1,12,SS,SS,2360,SOC,100,Intro to Sociology,SO,SO 100
1923,1,2360,1,2,SS,SS,2360,SOC,100,Intro to Sociology,SO,SO 100
1923,1,2360,1,1,SS,SS,2360,SOC,100,Intro to Sociology,SO,SO 100
6232,1,2360,1,4,SS,SS,2360,SOC,102,Intro Soc: Topics,SO,SO 102
6232,1,2360,1,23,SS,SS,2360,SOC,102,Intro Soc: Topics,SO,SO 102
6232,1,2360,1,22,SS,SS,2360,SOC,102,Intro Soc: Topics,SO,SO 102
6232,1,2360,1,24,SS,SS,2360,SOC,102,Intro Soc: Topics,SO,SO 102
6232,1,2360,1,21,SS,SS,2360,SOC,102,Intro Soc: Topics,SO,SO 102
6232,1,2360,1,20,SS,SS,2360,SOC,102,Intro Soc: Topics,SO,SO 102
6232,1,2360,1,3,SS,SS,2360,SOC,102,Intro Soc: Topics,SO,SO 102
6232,1,2360,1,5,SS,SS,2360,SOC,102,Intro Soc: Topics,SO,SO 102
6232,1,2360,1,2,SS,SS,2360,SOC,102,Intro Soc: Topics,SO,SO 102
6232,1,2360,1,1,SS,SS,2360,SOC,102,Intro Soc: Topics,SO,SO 102
6232,1,2360,1,6,SS,SS,2360,SOC,102,Intro Soc: Topics,SO,SO 102
6232,1,2360,1,7,SS,SS,2360,SOC,102,Intro Soc: Topics,SO,SO 102
18615,1,2360,1,3,SS,SS,2360,SOC,105,First Yr Sem,SO,SO 105
18615,1,2360,1,4,SS,SS,2360,SOC,105,First Yr Sem,SO,SO 105
18615,1,2360,1,1,SS,SS,2360,SOC,105,First Yr Sem,SO,SO 105
18615,1,2360,1,2,SS,SS,2360,SOC,105,First Yr Sem,SO,SO 105
47152,1,2360,1,1,SS,SS,2360,SOC,204,Intl Migra&Glob Wrld,SO,SO 204
47746,1,2360,1,1,SS,SS,2360,SOC,208,"Terrorism, Torture",SO,SO 208
47746,1,2360,1,3,SS,SS,2360,SOC,208,"Terrorism, Torture",SO,SO 208
47746,1,2360,1,2,SS,SS,2360,SOC,208,"Terrorism, Torture",SO,SO 208
47746,1,2360,1,6,SS,SS,2360,SOC,208,"Terrorism, Torture",SO,SO 208
47746,1,2360,1,5,SS,SS,2360,SOC,208,"Terrorism, Torture",SO,SO 208
47746,1,2360,1,4,SS,SS,2360,SOC,208,"Terrorism, Torture",SO,SO 208
42942,2,2360,1,2,SS,SS,2360,SOC,218,Foundations IGR,SO,SO 218
42942,2,2360,1,1,SS,SS,2360,SOC,218,Foundations IGR,SO,SO 218
42942,2,2360,1,3,SS,SS,2360,SOC,218,Foundations IGR,SO,SO 218
42942,2,2360,1,4,SS,SS,2360,SOC,218,Foundations IGR,SO,SO 218
6233,1,2360,1,1,SS,SS,2360,SOC,220,Politicl Econ,SO,SO 220
42297,1,2360,1,4,SS,SS,2360,SOC,240,Sociology of Culture,SO,SO 240
42297,1,2360,1,3,SS,SS,2360,SOC,240,Sociology of Culture,SO,SO 240
42297,1,2360,1,5,SS,SS,2360,SOC,240,Sociology of Culture,SO,SO 240
42297,1,2360,1,2,SS,SS,2360,SOC,240,Sociology of Culture,SO,SO 240
42297,1,2360,1,1,SS,SS,2360,SOC,240,Sociology of Culture,SO,SO 240
42297,1,2360,1,6,SS,SS,2360,SOC,240,Sociology of Culture,SO,SO 240
9029,1,2360,1,1,SS,SS,2360,SOC,250,"Politics, Power&Soc",SO,SO 250
9029,1,2360,1,2,SS,SS,2360,SOC,250,"Politics, Power&Soc",SO,SO 250
9029,1,2360,1,3,SS,SS,2360,SOC,250,"Politics, Power&Soc",SO,SO 250
43281,1,2360,1,1,SS,SS,2360,SOC,255,Sociology of Music,SO,SO 255
41208,1,2360,1,3,SS,SS,2360,SOC,295,Topics in Sociology,SO,SO 295
41208,1,2360,1,2,SS,SS,2360,SOC,295,Topics in Sociology,SO,SO 295
41208,1,2360,1,4,SS,SS,2360,SOC,295,Topics in Sociology,SO,SO 295
41208,1,2360,1,1,SS,SS,2360,SOC,295,Topics in Sociology,SO,SO 295
1932,1,2360,1,1,SS,SS,2360,SOC,300,Principles&Problems,SO,SO 300
47114,1,2360,1,1,SS,SS,2360,SOC,302,Intro Soc: Hlth&Soc,SO,SO 302
47114,1,2360,1,7,SS,SS,2360,SOC,302,Intro Soc: Hlth&Soc,SO,SO 302
47114,1,2360,1,4,SS,SS,2360,SOC,302,Intro Soc: Hlth&Soc,SO,SO 302
47114,1,2360,1,6,SS,SS,2360,SOC,302,Intro Soc: Hlth&Soc,SO,SO 302
47114,1,2360,1,2,SS,SS,2360,SOC,302,Intro Soc: Hlth&Soc,SO,SO 302
47114,1,2360,1,3,SS,SS,2360,SOC,302,Intro Soc: Hlth&Soc,SO,SO 302
47114,1,2360,1,5,SS,SS,2360,SOC,302,Intro Soc: Hlth&Soc,SO,SO 302
9022,2,2360,1,2,SS,SS,2360,SOC,303,Race&Ethnic,SO,SO 303
9022,2,2360,1,4,SS,SS,2360,SOC,303,Race&Ethnic,SO,SO 303
9022,2,2360,1,3,SS,SS,2360,SOC,303,Race&Ethnic,SO,SO 303
9022,2,2360,1,1,SS,SS,2360,SOC,303,Race&Ethnic,SO,SO 303
15878,2,2360,1,4,SS,SS,2360,SOC,304,Amer Immigration,SO,SO 304
15878,2,2360,1,3,SS,SS,2360,SOC,304,Amer Immigration,SO,SO 304
15878,2,2360,1,2,SS,SS,2360,SOC,304,Amer Immigration,SO,SO 304
15878,2,2360,1,1,SS,SS,2360,SOC,304,Amer Immigration,SO,SO 304
20742,2,2360,1,1,SS,SS,2360,SOC,313,Soc Sci Thr I,SO,SO 313
15746,1,2360,1,1,SS,SS,2360,SOC,315,"Money,Markets,&Power",SO,SO 315
21466,2,2360,1,1,SS,SS,2360,SOC,323,Blk Soc Thot,SO,SO 323
6234,1,2360,1,1,SS,SS,2360,SOC,330,Population Prob,SO,SO 330
39569,1,2360,1,4,SS,SS,2360,SOC,345,Soc of Sexualities,SO,SO 345
39569,1,2360,1,3,SS,SS,2360,SOC,345,Soc of Sexualities,SO,SO 345
39569,1,2360,1,2,SS,SS,2360,SOC,345,Soc of Sexualities,SO,SO 345
39569,1,2360,1,1,SS,SS,2360,SOC,345,Soc of Sexualities,SO,SO 345
6244,1,2360,1,1,SS,SS,2360,SOC,354,Law and Society,SO,SO 354
6244,1,2360,1,4,SS,SS,2360,SOC,354,Law and Society,SO,SO 354
6244,1,2360,1,5,SS,SS,2360,SOC,354,Law and Society,SO,SO 354
6244,1,2360,1,6,SS,SS,2360,SOC,354,Law and Society,SO,SO 354
6244,1,2360,1,3,SS,SS,2360,SOC,354,Law and Society,SO,SO 354
6244,1,2360,1,2,SS,SS,2360,SOC,354,Law and Society,SO,SO 354
6244,1,2360,1,7,SS,SS,2360,SOC,354,Law and Society,SO,SO 354
6250,1,2360,1,7,SS,SS,2360,SOC,368,Criminology,SO,SO 368
6250,1,2360,1,1,SS,SS,2360,SOC,368,Criminology,SO,SO 368
6250,1,2360,1,5,SS,SS,2360,SOC,368,Criminology,SO,SO 368
6250,1,2360,1,10,SS,SS,2360,SOC,368,Criminology,SO,SO 368
6250,1,2360,1,8,SS,SS,2360,SOC,368,Criminology,SO,SO 368
6250,1,2360,1,6,SS,SS,2360,SOC,368,Criminology,SO,SO 368
6250,1,2360,1,4,SS,SS,2360,SOC,368,Criminology,SO,SO 368
6250,1,2360,1,9,SS,SS,2360,SOC,368,Criminology,SO,SO 368
6250,1,2360,1,3,SS,SS,2360,SOC,368,Criminology,SO,SO 368
6250,1,2360,1,2,SS,SS,2360,SOC,368,Criminology,SO,SO 368
14850,1,2360,1,2,SS,SS,2360,SOC,379,"Sports, Pol, Society",SO,SO 379
14850,1,2360,1,1,SS,SS,2360,SOC,379,"Sports, Pol, Society",SO,SO 379
14850,1,2360,1,11,SS,SS,2360,SOC,379,"Sports, Pol, Society",SO,SO 379
14850,1,2360,1,8,SS,SS,2360,SOC,379,"Sports, Pol, Society",SO,SO 379
14850,1,2360,1,4,SS,SS,2360,SOC,379,"Sports, Pol, Society",SO,SO 379
14850,1,2360,1,10,SS,SS,2360,SOC,379,"Sports, Pol, Society",SO,SO 379
14850,1,2360,1,5,SS,SS,2360,SOC,379,"Sports, Pol, Society",SO,SO 379
14850,1,2360,1,6,SS,SS,2360,SOC,379,"Sports, Pol, Society",SO,SO 379
14850,1,2360,1,7,SS,SS,2360,SOC,379,"Sports, Pol, Society",SO,SO 379
14850,1,2360,1,3,SS,SS,2360,SOC,379,"Sports, Pol, Society",SO,SO 379
14850,1,2360,1,9,SS,SS,2360,SOC,379,"Sports, Pol, Society",SO,SO 379
10093,5,2360,1,5,SS,SS,2360,SOC,392,Russ&Sov Un,SO,SO 392
10093,5,2360,1,4,SS,SS,2360,SOC,392,Russ&Sov Un,SO,SO 392
10093,5,2360,1,3,SS,SS,2360,SOC,392,Russ&Sov Un,SO,SO 392
10093,5,2360,1,1,SS,SS,2360,SOC,392,Russ&Sov Un,SO,SO 392
10093,5,2360,1,2,SS,SS,2360,SOC,392,Russ&Sov Un,SO,SO 392
39230,2,2360,1,11,SS,SS,2360,UC,110,Intr to Info Studies,U,U 110
39230,2,2360,1,7,SS,SS,2360,UC,110,Intr to Info Studies,U,U 110
39230,2,2360,1,6,SS,SS,2360,UC,110,Intr to Info Studies,U,U 110
39230,2,2360,1,2,SS,SS,2360,UC,110,Intr to Info Studies,U,U 110
39230,2,2360,1,5,SS,SS,2360,UC,110,Intr to Info Studies,U,U 110
39230,2,2360,1,8,SS,SS,2360,UC,110,Intr to Info Studies,U,U 110
39230,2,2360,1,10,SS,SS,2360,UC,110,Intr to Info Studies,U,U 110
39230,2,2360,1,4,SS,SS,2360,UC,110,Intr to Info Studies,U,U 110
39230,2,2360,1,9,SS,SS,2360,UC,110,Intr to Info Studies,U,U 110
39230,2,2360,1,3,SS,SS,2360,UC,110,Intr to Info Studies,U,U 110
39230,2,2360,1,1,SS,SS,2360,UC,110,Intr to Info Studies,U,U 110
39230,2,2360,1,12,SS,SS,2360,UC,110,Intr to Info Studies,U,U 110
18643,1,2360,1,2,SS,SS,2360,WGS,151,Gender Sem,WG,WG 151
18643,1,2360,1,1,SS,SS,2360,WGS,151,Gender Sem,WG,WG 151
16010,1,2360,1,9,SS,SS,2360,WGS,220,Women's Hlth,WG,WG 220
16010,1,2360,1,14,SS,SS,2360,WGS,220,Women's Hlth,WG,WG 220
16010,1,2360,1,13,SS,SS,2360,WGS,220,Women's Hlth,WG,WG 220
16010,1,2360,1,12,SS,SS,2360,WGS,220,Women's Hlth,WG,WG 220
16010,1,2360,1,10,SS,SS,2360,WGS,220,Women's Hlth,WG,WG 220
16010,1,2360,1,8,SS,SS,2360,WGS,220,Women's Hlth,WG,WG 220
16010,1,2360,1,7,SS,SS,2360,WGS,220,Women's Hlth,WG,WG 220
16010,1,2360,1,6,SS,SS,2360,WGS,220,Women's Hlth,WG,WG 220
16010,1,2360,1,11,SS,SS,2360,WGS,220,Women's Hlth,WG,WG 220
16010,1,2360,1,4,SS,SS,2360,WGS,220,Women's Hlth,WG,WG 220
16010,1,2360,1,3,SS,SS,2360,WGS,220,Women's Hlth,WG,WG 220
16010,1,2360,1,5,SS,SS,2360,WGS,220,Women's Hlth,WG,WG 220
16010,1,2360,1,15,SS,SS,2360,WGS,220,Women's Hlth,WG,WG 220
16010,1,2360,1,16,SS,SS,2360,WGS,220,Women's Hlth,WG,WG 220
16010,1,2360,1,2,SS,SS,2360,WGS,220,Women's Hlth,WG,WG 220
16010,1,2360,1,1,SS,SS,2360,WGS,220,Women's Hlth,WG,WG 220
44884,1,2360,1,1,SS,SS,2360,WGS,250,Race Gender & Nation,WG,WG 250
43070,1,2360,1,1,SS,SS,2360,WGS,257,Soc Science Topics,WG,WG 257
50104,1,2360,1,1,SS,SS,2360,WGS,265,Intro Transgender St,WG,WG 265
41100,2,2360,1,1,SS,SS,2360,WGS,304,Gender&Immigr,WG,WG 304
42968,3,2360,1,1,SS,SS,2360,WGS,307,Medicine & Healing,WG,WG 307
42968,3,2360,1,2,SS,SS,2360,WGS,307,Medicine & Healing,WG,WG 307
42968,3,2360,1,3,SS,SS,2360,WGS,307,Medicine & Healing,WG,WG 307
42968,3,2360,1,4,SS,SS,2360,WGS,307,Medicine & Healing,WG,WG 307
42968,3,2360,1,5,SS,SS,2360,WGS,307,Medicine & Healing,WG,WG 307
39085,2,2360,1,6,SS,SS,2360,WGS,324,Childbirth&Culture,WG,WG 324
39085,2,2360,1,7,SS,SS,2360,WGS,324,Childbirth&Culture,WG,WG 324
39085,2,2360,1,2,SS,SS,2360,WGS,324,Childbirth&Culture,WG,WG 324
39085,2,2360,1,3,SS,SS,2360,WGS,324,Childbirth&Culture,WG,WG 324
39085,2,2360,1,1,SS,SS,2360,WGS,324,Childbirth&Culture,WG,WG 324
39085,2,2360,1,4,SS,SS,2360,WGS,324,Childbirth&Culture,WG,WG 324
39085,2,2360,1,5,SS,SS,2360,WGS,324,Childbirth&Culture,WG,WG 324
39569,2,2360,1,2,SS,SS,2360,WGS,348,Soc of Sexualities,WG,WG 348
39569,2,2360,1,1,SS,SS,2360,WGS,348,Soc of Sexualities,WG,WG 348
39569,2,2360,1,3,SS,SS,2360,WGS,348,Soc of Sexualities,WG,WG 348
39569,2,2360,1,4,SS,SS,2360,WGS,348,Soc of Sexualities,WG,WG 348
40707,1,2360,1,1,SS,SS,2360,WGS,365,Gender Global Health,WG,WG 365
